Section / Entity Group,Metric Name,Description,Description Source,Inferred Unit of Measure,Unit Inference Basis,vSAN Arch,Available UIs,Collected in Perf Ops?,Anomaly Detection,Release Introduced
zdom-world-cpu,usedPct,zDOM related world used percentage,confluence,percent (%),name ends in 'Pct'/'Percent',ESA,Humbug,No,,8.0
zdom-world-cpu,readyPct,zDOM related world ready percentage,confluence,percent (%),name ends in 'Pct'/'Percent',ESA,Humbug,No,,8.0
zdom-world-cpu,runPct,zDOM related world run percentage,confluence,percent (%),name ends in 'Pct'/'Percent',ESA,Humbug,No,,8.0
zdom-io,iops,Overall IOPS of zDOM,confluence,IOPS (I/O operations per second),name starts with 'iops',ESA,Humbug,No,,8.0
zdom-io,iopsLookup,IOPS of btree lookup during the read request,confluence,IOPS (I/O operations per second),name starts with 'iops',ESA,Humbug,No,,8.0
zdom-io,iopsMultiRead,IOPS of multiple read ops issued to backend for processing a single guest read,confluence,IOPS (I/O operations per second),name starts with 'iops',ESA,Humbug,No,,8.0
zdom-io,iopsBankWrite,IOPS of bank recording for guest write,confluence,IOPS (I/O operations per second),name starts with 'iops',ESA,Humbug,No,,8.0
zdom-io,iopsDurableLog,IOPS of coalesced IOs at durable logging,confluence,IOPS (I/O operations per second),name starts with 'iops',ESA,Humbug,No,,8.0
zdom-io,iopsBankFlushFSW,IOPS of bank flush,confluence,IOPS (I/O operations per second),name starts with 'iops',ESA,Humbug,No,,8.0
zdom-io,iopsBankBtree,IOPS of updating btree from bank,confluence,IOPS (I/O operations per second),name starts with 'iops',ESA,Humbug,No,,8.0
zdom-io,iopsBankReadWait,IOPS of bank read wait,confluence,IOPS (I/O operations per second),name starts with 'iops',ESA,Humbug,No,,8.0
zdom-io,iopsBankFlushVtx,IOPS of vSAN Transaction System check point,confluence,IOPS (I/O operations per second),name starts with 'iops',ESA,Humbug,No,,8.0
zdom-io,iopsSnapCreate,IOPS of creating zDOM snapshot,confluence,IOPS (I/O operations per second),name starts with 'iops',ESA,Humbug,No,,8.0
zdom-io,iopsSnapLookup,IOPS of looking up snapshot,confluence,IOPS (I/O operations per second),name starts with 'iops',ESA,Humbug,No,,8.0
zdom-io,iopsSnapDelete,IOPS of deleting zDOM snapshot,confluence,IOPS (I/O operations per second),name starts with 'iops',ESA,Humbug,No,,8.0
zdom-io,iopsScrubberPass,IOPS of zDOM metadata scrubber pass,confluence,IOPS (I/O operations per second),name starts with 'iops',ESA,Humbug,No,,8.0U3
zdom-io,tputLookup,Throughput of btree lookup during the read request,confluence,bytes/sec (likely KB/s per vSAN perfsvc convention),name starts with 'tput'/'throughput',ESA,Humbug,No,,8.0
zdom-io,tputMultiRead,Throughput of multiple read ops issued to backend for processing a single guest read,confluence,bytes/sec (likely KB/s per vSAN perfsvc convention),name starts with 'tput'/'throughput',ESA,Humbug,No,,8.0
zdom-io,tputBankWrite,Throughput of bank recording for guest write,confluence,bytes/sec (likely KB/s per vSAN perfsvc convention),name starts with 'tput'/'throughput',ESA,Humbug,No,,8.0
zdom-io,tputDurableLog,Throughput of coalesced IOs at durable logging,confluence,bytes/sec (likely KB/s per vSAN perfsvc convention),name starts with 'tput'/'throughput',ESA,Humbug,No,,8.0
zdom-io,tputBankFlushFSW,Throughput of bank flush,confluence,bytes/sec (likely KB/s per vSAN perfsvc convention),name starts with 'tput'/'throughput',ESA,Humbug,No,,8.0
zdom-io,tputBankBtree,Throughput of updating btree from bank,confluence,bytes/sec (likely KB/s per vSAN perfsvc convention),name starts with 'tput'/'throughput',ESA,Humbug,No,,8.0
zdom-io,tputBankReadWait,Throughput of bank read wait,confluence,bytes/sec (likely KB/s per vSAN perfsvc convention),name starts with 'tput'/'throughput',ESA,Humbug,No,,8.0
zdom-io,tputBankFlushVtx,Throughput of vSAN Transaction System check point,confluence,bytes/sec (likely KB/s per vSAN perfsvc convention),name starts with 'tput'/'throughput',ESA,Humbug,No,,8.0
zdom-io,tputSnapCreate,Throughput of creating zDOM snapshot,confluence,bytes/sec (likely KB/s per vSAN perfsvc convention),name starts with 'tput'/'throughput',ESA,Humbug,No,,8.0
zdom-io,tputSnapLookup,Throughput of looking up snapshot,confluence,bytes/sec (likely KB/s per vSAN perfsvc convention),name starts with 'tput'/'throughput',ESA,Humbug,No,,8.0
zdom-io,tputSnapDelete,Throughput of deleting zDOM snapshot,confluence,bytes/sec (likely KB/s per vSAN perfsvc convention),name starts with 'tput'/'throughput',ESA,Humbug,No,,8.0
zdom-io,tputScrubberPass,Throughput of zDOM metadata scrubber pass,confluence,bytes/sec (likely KB/s per vSAN perfsvc convention),name starts with 'tput'/'throughput',ESA,Humbug,No,,8.0U3
zdom-io,latencyAvgLookup,Average latency of btree lookup during the read request,confluence,milliseconds (ms) for Avg/Stddev variants; microseconds (us) if the same metric has an explicit *Us sibling for Max,latency-family prefix without an explicit Us/Ms suffix,ESA,Humbug,No,,8.0
zdom-io,latencyAvgMultiRead,Average latency of multiple read ops issued to backend for processing a single guest read,confluence,milliseconds (ms) for Avg/Stddev variants; microseconds (us) if the same metric has an explicit *Us sibling for Max,latency-family prefix without an explicit Us/Ms suffix,ESA,Humbug,No,,8.0
zdom-io,latencyAvgBankWrite,Average latency of bank recording for guest write,confluence,milliseconds (ms) for Avg/Stddev variants; microseconds (us) if the same metric has an explicit *Us sibling for Max,latency-family prefix without an explicit Us/Ms suffix,ESA,Humbug,No,,8.0
zdom-io,latencyAvgDurableLog,Average latency of coalesced IOs at durable logging,confluence,milliseconds (ms) for Avg/Stddev variants; microseconds (us) if the same metric has an explicit *Us sibling for Max,latency-family prefix without an explicit Us/Ms suffix,ESA,Humbug,No,,8.0
zdom-io,latencyAvgBankFlushFSW,Average latency of bank flush,confluence,milliseconds (ms) for Avg/Stddev variants; microseconds (us) if the same metric has an explicit *Us sibling for Max,latency-family prefix without an explicit Us/Ms suffix,ESA,Humbug,No,,8.0
zdom-io,latencyAvgBankBtree,Average latency of updating btree from bank,confluence,milliseconds (ms) for Avg/Stddev variants; microseconds (us) if the same metric has an explicit *Us sibling for Max,latency-family prefix without an explicit Us/Ms suffix,ESA,Humbug,No,,8.0
zdom-io,latencyAvgBankReadWait,Average latency of bank read wait,confluence,milliseconds (ms) for Avg/Stddev variants; microseconds (us) if the same metric has an explicit *Us sibling for Max,latency-family prefix without an explicit Us/Ms suffix,ESA,Humbug,No,,8.0
zdom-io,latencyAvgBankFlushVtx,Average latency of vSAN Transaction System check point,confluence,milliseconds (ms) for Avg/Stddev variants; microseconds (us) if the same metric has an explicit *Us sibling for Max,latency-family prefix without an explicit Us/Ms suffix,ESA,Humbug,No,,8.0
zdom-io,latencyAvgSnapCreate,Average latency of creating zDOM snapshot,confluence,milliseconds (ms) for Avg/Stddev variants; microseconds (us) if the same metric has an explicit *Us sibling for Max,latency-family prefix without an explicit Us/Ms suffix,ESA,Humbug,No,,8.0
zdom-io,latencyAvgSnapLookup,Average latency of looking up snapshot,confluence,milliseconds (ms) for Avg/Stddev variants; microseconds (us) if the same metric has an explicit *Us sibling for Max,latency-family prefix without an explicit Us/Ms suffix,ESA,Humbug,No,,8.0
zdom-io,latencyAvgSnapDelete,Average latency of deleting zDOM snapshot,confluence,milliseconds (ms) for Avg/Stddev variants; microseconds (us) if the same metric has an explicit *Us sibling for Max,latency-family prefix without an explicit Us/Ms suffix,ESA,Humbug,No,,8.0
zdom-io,totalBankLat,Total bank flush latency,confluence,unknown (no naming convention matched),no rule matched,ESA,Humbug,No,,8.0
zdom-io,bankTxnCreateLat,bank transaction create latency,confluence,unknown (no naming convention matched),no rule matched,ESA,Humbug,No,,8.0
zdom-io,latencyAvgScrubberPass,Average latency of zDOM metadata scrubber pass,confluence,milliseconds (ms) for Avg/Stddev variants; microseconds (us) if the same metric has an explicit *Us sibling for Max,latency-family prefix without an explicit Us/Ms suffix,ESA,Humbug,No,,8.0U3
zdom-io,latencyStddevLookup,Latency standard deviation of btree lookup during the read request,confluence,milliseconds (ms) for Avg/Stddev variants; microseconds (us) if the same metric has an explicit *Us sibling for Max,latency-family prefix without an explicit Us/Ms suffix,ESA,Humbug,No,,8.0
zdom-io,latencyStddevMultiRead,Latency standard deviation of multiple read ops issued to backend for processing a single guest read,confluence,milliseconds (ms) for Avg/Stddev variants; microseconds (us) if the same metric has an explicit *Us sibling for Max,latency-family prefix without an explicit Us/Ms suffix,ESA,Humbug,No,,8.0
zdom-io,latencyStddevBankWrite,Latency standard deviation of bank recording for guest write,confluence,milliseconds (ms) for Avg/Stddev variants; microseconds (us) if the same metric has an explicit *Us sibling for Max,latency-family prefix without an explicit Us/Ms suffix,ESA,Humbug,No,,8.0
zdom-io,latencyStddevDurableLog,Latency standard deviation of coalesced IOs at durable logging,confluence,milliseconds (ms) for Avg/Stddev variants; microseconds (us) if the same metric has an explicit *Us sibling for Max,latency-family prefix without an explicit Us/Ms suffix,ESA,Humbug,No,,8.0
zdom-io,latencyStddevBankFlushFSW,Latency standard deviation of bank flush,confluence,milliseconds (ms) for Avg/Stddev variants; microseconds (us) if the same metric has an explicit *Us sibling for Max,latency-family prefix without an explicit Us/Ms suffix,ESA,Humbug,No,,8.0
zdom-io,latencyStddevBankBtree,Latency standard deviation of updating btree from bank,confluence,milliseconds (ms) for Avg/Stddev variants; microseconds (us) if the same metric has an explicit *Us sibling for Max,latency-family prefix without an explicit Us/Ms suffix,ESA,Humbug,No,,8.0
zdom-io,latencyStddevBankReadWait,Latency standard deviation of bank read wait,confluence,milliseconds (ms) for Avg/Stddev variants; microseconds (us) if the same metric has an explicit *Us sibling for Max,latency-family prefix without an explicit Us/Ms suffix,ESA,Humbug,No,,8.0
zdom-io,latencyStddevBankFlushVtx,Latency standard deviation of vSAN Transaction System check point,confluence,milliseconds (ms) for Avg/Stddev variants; microseconds (us) if the same metric has an explicit *Us sibling for Max,latency-family prefix without an explicit Us/Ms suffix,ESA,Humbug,No,,8.0
zdom-io,latencyStddevSnapCreate,Latency standard deviation of creating zDOM snapshot,confluence,milliseconds (ms) for Avg/Stddev variants; microseconds (us) if the same metric has an explicit *Us sibling for Max,latency-family prefix without an explicit Us/Ms suffix,ESA,Humbug,No,,8.0
zdom-io,latencyStddevSnapLookup,Latency standard deviation of looking up snapshot,confluence,milliseconds (ms) for Avg/Stddev variants; microseconds (us) if the same metric has an explicit *Us sibling for Max,latency-family prefix without an explicit Us/Ms suffix,ESA,Humbug,No,,8.0
zdom-io,latencyStddevSnapDelete,Latency standard deviation of deleting zDOM snapshot,confluence,milliseconds (ms) for Avg/Stddev variants; microseconds (us) if the same metric has an explicit *Us sibling for Max,latency-family prefix without an explicit Us/Ms suffix,ESA,Humbug,No,,8.0
zdom-io,latencyStddevScrubberPass,Latency standard deviation of zDOM metadata scrubber pass,confluence,milliseconds (ms) for Avg/Stddev variants; microseconds (us) if the same metric has an explicit *Us sibling for Max,latency-family prefix without an explicit Us/Ms suffix,ESA,Humbug,No,,8.0U3
zdom-io,latencyMaxLookup,Max latency of btree lookup during the read request,confluence,milliseconds (ms) for Avg/Stddev variants; microseconds (us) if the same metric has an explicit *Us sibling for Max,latency-family prefix without an explicit Us/Ms suffix,ESA,Humbug,No,,8.0
zdom-io,latencyMaxMultiRead,Max latency of multiple read ops issued to backend for processing a single guest read,confluence,milliseconds (ms) for Avg/Stddev variants; microseconds (us) if the same metric has an explicit *Us sibling for Max,latency-family prefix without an explicit Us/Ms suffix,ESA,Humbug,No,,8.0
zdom-io,latencyMaxBankWrite,Max latency of bank recording for guest write,confluence,milliseconds (ms) for Avg/Stddev variants; microseconds (us) if the same metric has an explicit *Us sibling for Max,latency-family prefix without an explicit Us/Ms suffix,ESA,Humbug,No,,8.0
zdom-io,latencyMaxDurableLog,Max latency of coalesced IOs at durable logging,confluence,milliseconds (ms) for Avg/Stddev variants; microseconds (us) if the same metric has an explicit *Us sibling for Max,latency-family prefix without an explicit Us/Ms suffix,ESA,Humbug,No,,8.0
zdom-io,latencyMaxBankFlushFSW,Max latency of bank flush,confluence,milliseconds (ms) for Avg/Stddev variants; microseconds (us) if the same metric has an explicit *Us sibling for Max,latency-family prefix without an explicit Us/Ms suffix,ESA,Humbug,No,,8.0
zdom-io,latencyMaxBankBtree,Max latency of updating btree from bank,confluence,milliseconds (ms) for Avg/Stddev variants; microseconds (us) if the same metric has an explicit *Us sibling for Max,latency-family prefix without an explicit Us/Ms suffix,ESA,Humbug,No,,8.0
zdom-io,latencyMaxBankReadWait,Max latency of bank read wait,confluence,milliseconds (ms) for Avg/Stddev variants; microseconds (us) if the same metric has an explicit *Us sibling for Max,latency-family prefix without an explicit Us/Ms suffix,ESA,Humbug,No,,8.0
zdom-io,latencyMaxBankFlushVtx,Max latency of vSAN Transaction System check point,confluence,milliseconds (ms) for Avg/Stddev variants; microseconds (us) if the same metric has an explicit *Us sibling for Max,latency-family prefix without an explicit Us/Ms suffix,ESA,Humbug,No,,8.0
zdom-io,latencyMaxSnapCreate,Max latency of creating zDOM snapshot,confluence,milliseconds (ms) for Avg/Stddev variants; microseconds (us) if the same metric has an explicit *Us sibling for Max,latency-family prefix without an explicit Us/Ms suffix,ESA,Humbug,No,,8.0
zdom-io,latencyMaxSnapLookup,Max latency of looking up snapshot,confluence,milliseconds (ms) for Avg/Stddev variants; microseconds (us) if the same metric has an explicit *Us sibling for Max,latency-family prefix without an explicit Us/Ms suffix,ESA,Humbug,No,,8.0
zdom-io,latencyMaxSnapDelete,Max latency of deleting zDOM snapshot,confluence,milliseconds (ms) for Avg/Stddev variants; microseconds (us) if the same metric has an explicit *Us sibling for Max,latency-family prefix without an explicit Us/Ms suffix,ESA,Humbug,No,,8.0
zdom-io,latencyMaxScrubberPass,Max latency of zDOM metadata scrubber pass,confluence,milliseconds (ms) for Avg/Stddev variants; microseconds (us) if the same metric has an explicit *Us sibling for Max,latency-family prefix without an explicit Us/Ms suffix,ESA,Humbug,No,,8.0U3
zdom-vtx,rateTxnReadWrite,Rate of read-write transactions (total transactions created minus read-only transactions),confluence,count/sec (rate),name starts with 'rate',ESA,Humbug,No,,8.0
zdom-vtx,rateTotalCacheMiss,Rate of Vtx cache misses across all operation types,confluence,count/sec (rate),name starts with 'rate',ESA,Humbug,No,,8.0
zdom-vtx,rateSegCleaningCtxDataCacheMiss,Rate of Vtx cache misses for segment-cleaning context-data transactions,confluence,count/sec (rate),name starts with 'rate',ESA,Humbug,No,,8.0
zdom-vtx,ratePrefetchCacheMiss,Rate of Vtx cache misses for prefetch transactions,confluence,count/sec (rate),name starts with 'rate',ESA,Humbug,No,,8.0
zdom-vtx,rateBankFlushCacheMiss,Rate of Vtx cache misses for bank flush transactions,confluence,count/sec (rate),name starts with 'rate',ESA,Humbug,No,,8.0
zdom-vtx,rateLookUpCacheMiss,"[No verified description in Confluence. Literal name decomposition only, NOT a confirmed meaning: ""rate look up cache miss""]",name-decomposition-only,count/sec (rate),name starts with 'rate',ESA,Humbug,No,,8.0
zdom-vtx,rateTotalCacheRef,"[No verified description in Confluence. Literal name decomposition only, NOT a confirmed meaning: ""rate total cache ref""]",name-decomposition-only,count/sec (rate),name starts with 'rate',ESA,Humbug,No,,8.0
zdom-vtx,rateBankFlushTotalCacheRef,"[No verified description in Confluence. Literal name decomposition only, NOT a confirmed meaning: ""rate bank flush total cache ref""]",name-decomposition-only,count/sec (rate),name starts with 'rate',ESA,Humbug,No,,8.0
zdom-vtx,rateSegCleaningCtxDataTotalCacheRef,"[No verified description in Confluence. Literal name decomposition only, NOT a confirmed meaning: ""rate seg cleaning ctx data total cache ref""]",name-decomposition-only,count/sec (rate),name starts with 'rate',ESA,Humbug,No,,8.0
zdom-vtx,latAvgCacheGet,"[No verified description in Confluence. Literal name decomposition only, NOT a confirmed meaning: ""lat avg cache get""]",name-decomposition-only,milliseconds (ms) for Avg/Stddev variants; microseconds (us) if the same metric has an explicit *Us sibling for Max,latency-family prefix without an explicit Us/Ms suffix,ESA,Humbug,No,,8.0
zdom-vtx,latAvgTotalOpIO,"[No verified description in Confluence. Literal name decomposition only, NOT a confirmed meaning: ""lat avg total op io""]",name-decomposition-only,milliseconds (ms) for Avg/Stddev variants; microseconds (us) if the same metric has an explicit *Us sibling for Max,latency-family prefix without an explicit Us/Ms suffix,ESA,Humbug,No,,8.0
zdom-vtx,allOpCacheMaxGetLatUSec,"[No verified description in Confluence. Literal name decomposition only, NOT a confirmed meaning: ""all op cache max get latu sec""]",name-decomposition-only,microseconds (us),name contains 'USec',ESA,Humbug,No,,8.0
zdom-vtx,rateTxnPrefetchTotalCacheRef,"[No verified description in Confluence. Literal name decomposition only, NOT a confirmed meaning: ""rate txn prefetch total cache ref""]",name-decomposition-only,count/sec (rate),name starts with 'rate',ESA,Humbug,No,,8.0
zdom-vtx,rateTxnPrefetchLogicalTreeCacheRef,"[No verified description in Confluence. Literal name decomposition only, NOT a confirmed meaning: ""rate txn prefetch logical tree cache ref""]",name-decomposition-only,count/sec (rate),name starts with 'rate',ESA,Humbug,No,,8.0
zdom-vtx,rateTxnPrefetchMiddleTreeCacheRef,"[No verified description in Confluence. Literal name decomposition only, NOT a confirmed meaning: ""rate txn prefetch middle tree cache ref""]",name-decomposition-only,count/sec (rate),name starts with 'rate',ESA,Humbug,No,,8.0
zdom-vtx,rateTxnPrefetchSutCacheRef,"[No verified description in Confluence. Literal name decomposition only, NOT a confirmed meaning: ""rate txn prefetch sut cache ref""]",name-decomposition-only,count/sec (rate),name starts with 'rate',ESA,Humbug,No,,8.0
zdom-vtx,rateTxnPrefetchTotalCacheMiss,"[No verified description in Confluence. Literal name decomposition only, NOT a confirmed meaning: ""rate txn prefetch total cache miss""]",name-decomposition-only,count/sec (rate),name starts with 'rate',ESA,Humbug,No,,8.0
zdom-vtx,rateTxnPrefetchLogicalTreeCacheMiss,"[No verified description in Confluence. Literal name decomposition only, NOT a confirmed meaning: ""rate txn prefetch logical tree cache miss""]",name-decomposition-only,count/sec (rate),name starts with 'rate',ESA,Humbug,No,,8.0
zdom-vtx,rateTxnPrefetchMiddleTreeCacheMiss,"[No verified description in Confluence. Literal name decomposition only, NOT a confirmed meaning: ""rate txn prefetch middle tree cache miss""]",name-decomposition-only,count/sec (rate),name starts with 'rate',ESA,Humbug,No,,8.0
zdom-vtx,rateTxnPrefetchSutCacheMiss,"[No verified description in Confluence. Literal name decomposition only, NOT a confirmed meaning: ""rate txn prefetch sut cache miss""]",name-decomposition-only,count/sec (rate),name starts with 'rate',ESA,Humbug,No,,8.0
zdom-vtx,rateTxnBankTotalCacheRef,"[No verified description in Confluence. Literal name decomposition only, NOT a confirmed meaning: ""rate txn bank total cache ref""]",name-decomposition-only,count/sec (rate),name starts with 'rate',ESA,Humbug,No,,8.0
zdom-vtx,rateTxnBankLogicalTreeCacheRef,"[No verified description in Confluence. Literal name decomposition only, NOT a confirmed meaning: ""rate txn bank logical tree cache ref""]",name-decomposition-only,count/sec (rate),name starts with 'rate',ESA,Humbug,No,,8.0
zdom-vtx,rateTxnBankMiddleTreeCacheRef,"[No verified description in Confluence. Literal name decomposition only, NOT a confirmed meaning: ""rate txn bank middle tree cache ref""]",name-decomposition-only,count/sec (rate),name starts with 'rate',ESA,Humbug,No,,8.0
zdom-vtx,rateTxnBankSutCacheRef,"[No verified description in Confluence. Literal name decomposition only, NOT a confirmed meaning: ""rate txn bank sut cache ref""]",name-decomposition-only,count/sec (rate),name starts with 'rate',ESA,Humbug,No,,8.0
zdom-vtx,rateTxnBankTotalCacheMiss,"[No verified description in Confluence. Literal name decomposition only, NOT a confirmed meaning: ""rate txn bank total cache miss""]",name-decomposition-only,count/sec (rate),name starts with 'rate',ESA,Humbug,No,,8.0
zdom-vtx,rateTxnBankLogicalTreeCacheMiss,"[No verified description in Confluence. Literal name decomposition only, NOT a confirmed meaning: ""rate txn bank logical tree cache miss""]",name-decomposition-only,count/sec (rate),name starts with 'rate',ESA,Humbug,No,,8.0
zdom-vtx,rateTxnBankMiddleTreeCacheMiss,"[No verified description in Confluence. Literal name decomposition only, NOT a confirmed meaning: ""rate txn bank middle tree cache miss""]",name-decomposition-only,count/sec (rate),name starts with 'rate',ESA,Humbug,No,,8.0
zdom-vtx,rateTxnBankSutCacheMiss,"[No verified description in Confluence. Literal name decomposition only, NOT a confirmed meaning: ""rate txn bank sut cache miss""]",name-decomposition-only,count/sec (rate),name starts with 'rate',ESA,Humbug,No,,8.0
zdom-vtx,latAvgTxnBank,"[No verified description in Confluence. Literal name decomposition only, NOT a confirmed meaning: ""lat avg txn bank""]",name-decomposition-only,milliseconds (ms) for Avg/Stddev variants; microseconds (us) if the same metric has an explicit *Us sibling for Max,latency-family prefix without an explicit Us/Ms suffix,ESA,Humbug,No,,8.0
zdom-vtx,latAvgTxnBankTotalIO,"[No verified description in Confluence. Literal name decomposition only, NOT a confirmed meaning: ""lat avg txn bank total io""]",name-decomposition-only,milliseconds (ms) for Avg/Stddev variants; microseconds (us) if the same metric has an explicit *Us sibling for Max,latency-family prefix without an explicit Us/Ms suffix,ESA,Humbug,No,,8.0
zdom-vtx,maxDiscUsedPct,"[No verified description in Confluence. Literal name decomposition only, NOT a confirmed meaning: ""max disc used pct""]",name-decomposition-only,percent (%),name ends in 'Pct'/'Percent',ESA,Humbug,No,,8.0
zdom-vtx,checkpointWorkerWakeupMs,"[No verified description in Confluence. Literal name decomposition only, NOT a confirmed meaning: ""checkpoint worker wakeup ms""]",name-decomposition-only,milliseconds (ms),name ends in 'Ms',ESA,Humbug,No,,8.0
zdom-vtx,rateTxnUnmapTotalCacheMiss,"[No verified description in Confluence. Literal name decomposition only, NOT a confirmed meaning: ""rate txn unmap total cache miss""]",name-decomposition-only,count/sec (rate),name starts with 'rate',ESA,Humbug,No,,8.0
zdom-vtx,rateTxnUnmapLogicalTreeCacheMiss,"[No verified description in Confluence. Literal name decomposition only, NOT a confirmed meaning: ""rate txn unmap logical tree cache miss""]",name-decomposition-only,count/sec (rate),name starts with 'rate',ESA,Humbug,No,,8.0
zdom-vtx,rateTxnUnmapMiddleTreeCacheMiss,"[No verified description in Confluence. Literal name decomposition only, NOT a confirmed meaning: ""rate txn unmap middle tree cache miss""]",name-decomposition-only,count/sec (rate),name starts with 'rate',ESA,Humbug,No,,8.0
zdom-vtx,rateTxnUnmapSutCacheMiss,"[No verified description in Confluence. Literal name decomposition only, NOT a confirmed meaning: ""rate txn unmap sut cache miss""]",name-decomposition-only,count/sec (rate),name starts with 'rate',ESA,Humbug,No,,8.0
zdom-vtx,latAvgTxnUnmap,"[No verified description in Confluence. Literal name decomposition only, NOT a confirmed meaning: ""lat avg txn unmap""]",name-decomposition-only,milliseconds (ms) for Avg/Stddev variants; microseconds (us) if the same metric has an explicit *Us sibling for Max,latency-family prefix without an explicit Us/Ms suffix,ESA,Humbug,No,,8.0
zdom-vtx,latAvgTxnUnmapTotalIO,"[No verified description in Confluence. Literal name decomposition only, NOT a confirmed meaning: ""lat avg txn unmap total io""]",name-decomposition-only,milliseconds (ms) for Avg/Stddev variants; microseconds (us) if the same metric has an explicit *Us sibling for Max,latency-family prefix without an explicit Us/Ms suffix,ESA,Humbug,No,,8.0
zdom-vtx,rateTxnSegCleaningCtxDataTotalCacheRef,"[No verified description in Confluence. Literal name decomposition only, NOT a confirmed meaning: ""rate txn seg cleaning ctx data total cache ref""]",name-decomposition-only,count/sec (rate),name starts with 'rate',ESA,Humbug,No,,8.0
zdom-vtx,rateTxnSegCleaningCtxDataLogicalTreeCacheRef,"[No verified description in Confluence. Literal name decomposition only, NOT a confirmed meaning: ""rate txn seg cleaning ctx data logical tree cache ref""]",name-decomposition-only,count/sec (rate),name starts with 'rate',ESA,Humbug,No,,8.0
zdom-vtx,rateTxnSegCleaningCtxDataMiddleTreeCacheRef,"[No verified description in Confluence. Literal name decomposition only, NOT a confirmed meaning: ""rate txn seg cleaning ctx data middle tree cache ref""]",name-decomposition-only,count/sec (rate),name starts with 'rate',ESA,Humbug,No,,8.0
zdom-vtx,rateTxnSegCleaningCtxDataSutCacheRef,"[No verified description in Confluence. Literal name decomposition only, NOT a confirmed meaning: ""rate txn seg cleaning ctx data sut cache ref""]",name-decomposition-only,count/sec (rate),name starts with 'rate',ESA,Humbug,No,,8.0
zdom-vtx,rateTxnSegCleaningCtxDataTotalCacheMiss,"[No verified description in Confluence. Literal name decomposition only, NOT a confirmed meaning: ""rate txn seg cleaning ctx data total cache miss""]",name-decomposition-only,count/sec (rate),name starts with 'rate',ESA,Humbug,No,,8.0
zdom-vtx,rateTxnSegCleaningCtxDataLogicalTreeCacheMiss,"[No verified description in Confluence. Literal name decomposition only, NOT a confirmed meaning: ""rate txn seg cleaning ctx data logical tree cache miss""]",name-decomposition-only,count/sec (rate),name starts with 'rate',ESA,Humbug,No,,8.0
zdom-vtx,rateTxnSegCleaningCtxDataMiddleTreeCacheMiss,"[No verified description in Confluence. Literal name decomposition only, NOT a confirmed meaning: ""rate txn seg cleaning ctx data middle tree cache miss""]",name-decomposition-only,count/sec (rate),name starts with 'rate',ESA,Humbug,No,,8.0
zdom-vtx,rateTxnSegCleaningCtxDataSutCacheMiss,"[No verified description in Confluence. Literal name decomposition only, NOT a confirmed meaning: ""rate txn seg cleaning ctx data sut cache miss""]",name-decomposition-only,count/sec (rate),name starts with 'rate',ESA,Humbug,No,,8.0
zdom-vtx,rateTxnLookupCacheMiss,"[No verified description in Confluence. Literal name decomposition only, NOT a confirmed meaning: ""rate txn lookup cache miss""]",name-decomposition-only,count/sec (rate),name starts with 'rate',ESA,Humbug,No,,8.0
zdom-vtx,rateTxnLookupLogicalTreeCacheMiss,"[No verified description in Confluence. Literal name decomposition only, NOT a confirmed meaning: ""rate txn lookup logical tree cache miss""]",name-decomposition-only,count/sec (rate),name starts with 'rate',ESA,Humbug,No,,8.0
zdom-vtx,rateTxnLookupMiddleTreeCacheMiss,"[No verified description in Confluence. Literal name decomposition only, NOT a confirmed meaning: ""rate txn lookup middle tree cache miss""]",name-decomposition-only,count/sec (rate),name starts with 'rate',ESA,Humbug,No,,8.0
zdom-vtx,rateTxnLookupCacheMiss,"[No verified description in Confluence. Literal name decomposition only, NOT a confirmed meaning: ""rate txn lookup cache miss""]",name-decomposition-only,count/sec (rate),name starts with 'rate',ESA,Humbug,No,,8.0
zdom-vtx,rateTxnLookupLogicalTreeCacheMiss,"[No verified description in Confluence. Literal name decomposition only, NOT a confirmed meaning: ""rate txn lookup logical tree cache miss""]",name-decomposition-only,count/sec (rate),name starts with 'rate',ESA,Humbug,No,,8.0
zdom-vtx,rateTxnLookupMiddleTreeCacheMiss,"[No verified description in Confluence. Literal name decomposition only, NOT a confirmed meaning: ""rate txn lookup middle tree cache miss""]",name-decomposition-only,count/sec (rate),name starts with 'rate',ESA,Humbug,No,,8.0
zdom-vtx,rateTxnLookupCacheMiss,"[No verified description in Confluence. Literal name decomposition only, NOT a confirmed meaning: ""rate txn lookup cache miss""]",name-decomposition-only,count/sec (rate),name starts with 'rate',ESA,Humbug,No,,8.0
zdom-vtx,rateTxnLookupLogicalTreeCacheMiss,"[No verified description in Confluence. Literal name decomposition only, NOT a confirmed meaning: ""rate txn lookup logical tree cache miss""]",name-decomposition-only,count/sec (rate),name starts with 'rate',ESA,Humbug,No,,8.0
zdom-vtx,rateTxnLookupMiddleTreeCacheMiss,"[No verified description in Confluence. Literal name decomposition only, NOT a confirmed meaning: ""rate txn lookup middle tree cache miss""]",name-decomposition-only,count/sec (rate),name starts with 'rate',ESA,Humbug,No,,8.0
zdom-vtx,rateTxnLookupCacheRef,"[No verified description in Confluence. Literal name decomposition only, NOT a confirmed meaning: ""rate txn lookup cache ref""]",name-decomposition-only,count/sec (rate),name starts with 'rate',ESA,Humbug,No,,8.0
zdom-vtx,rateTxnLookupLogicalTreeCacheRef,"[No verified description in Confluence. Literal name decomposition only, NOT a confirmed meaning: ""rate txn lookup logical tree cache ref""]",name-decomposition-only,count/sec (rate),name starts with 'rate',ESA,Humbug,No,,8.0
zdom-vtx,rateTxnLookupMiddleTreeCacheRef,"[No verified description in Confluence. Literal name decomposition only, NOT a confirmed meaning: ""rate txn lookup middle tree cache ref""]",name-decomposition-only,count/sec (rate),name starts with 'rate',ESA,Humbug,No,,8.0
zdom-vtx,cacheMissPerPrefetchTxn,"[No verified description in Confluence. Literal name decomposition only, NOT a confirmed meaning: ""cache miss per prefetch txn""]",name-decomposition-only,unknown (no naming convention matched),no rule matched,ESA,Humbug,No,,8.0
zdom-vtx,cacheMissPerSegCleaningCtxDataTxn,"[No verified description in Confluence. Literal name decomposition only, NOT a confirmed meaning: ""cache miss per seg cleaning ctx data txn""]",name-decomposition-only,unknown (no naming convention matched),no rule matched,ESA,Humbug,No,,8.0
zdom-vtx,cacheMissPerLookupTxn,"[No verified description in Confluence. Literal name decomposition only, NOT a confirmed meaning: ""cache miss per lookup txn""]",name-decomposition-only,unknown (no naming convention matched),no rule matched,ESA,Humbug,No,,8.0
zdom-vtx,txnDLogMaxLatUs,"[No verified description in Confluence. Literal name decomposition only, NOT a confirmed meaning: ""txnd log max lat us""]",name-decomposition-only,microseconds (us),suffix 'Us' on a latency/lat counter,ESA,Humbug,No,,8.0
zdom-vtx,txnBankMaxLatUs,"[No verified description in Confluence. Literal name decomposition only, NOT a confirmed meaning: ""txn bank max lat us""]",name-decomposition-only,microseconds (us),suffix 'Us' on a latency/lat counter,ESA,Humbug,No,,8.0
zdom-vtx,txnSegCtxDataMaxLatUs,"[No verified description in Confluence. Literal name decomposition only, NOT a confirmed meaning: ""txn seg ctx data max lat us""]",name-decomposition-only,microseconds (us),suffix 'Us' on a latency/lat counter,ESA,Humbug,No,,8.0
zdom-vtx,txnSegCtxLLPMaxLatUs,"[No verified description in Confluence. Literal name decomposition only, NOT a confirmed meaning: ""txn seg ctx llp max lat us""]",name-decomposition-only,microseconds (us),suffix 'Us' on a latency/lat counter,ESA,Humbug,No,,8.0
zdom-vtx,txnVatWriteSegMaxLatUs,"[No verified description in Confluence. Literal name decomposition only, NOT a confirmed meaning: ""txn vat write seg max lat us""]",name-decomposition-only,microseconds (us),suffix 'Us' on a latency/lat counter,ESA,Humbug,No,,8.0
zdom-vtx,txnUnmapMaxLatUs,"[No verified description in Confluence. Literal name decomposition only, NOT a confirmed meaning: ""txn unmap max lat us""]",name-decomposition-only,microseconds (us),suffix 'Us' on a latency/lat counter,ESA,Humbug,No,,8.0
zdom-vtx,txnCacheFlushMaxLatUs,"[No verified description in Confluence. Literal name decomposition only, NOT a confirmed meaning: ""txn cache flush max lat us""]",name-decomposition-only,microseconds (us),suffix 'Us' on a latency/lat counter,ESA,Humbug,No,,8.0
zdom-vtx,txnDelExtMiddleTreeMaxLatUs,"[No verified description in Confluence. Literal name decomposition only, NOT a confirmed meaning: ""txn del ext middle tree max lat us""]",name-decomposition-only,microseconds (us),suffix 'Us' on a latency/lat counter,ESA,Humbug,No,,8.0
zdom-vtx,txnPrefetchMaxLatUs,"[No verified description in Confluence. Literal name decomposition only, NOT a confirmed meaning: ""txn prefetch max lat us""]",name-decomposition-only,microseconds (us),suffix 'Us' on a latency/lat counter,ESA,Humbug,No,,8.0
zdom-vtx,txnLookupMaxLatUs,"[No verified description in Confluence. Literal name decomposition only, NOT a confirmed meaning: ""txn lookup max lat us""]",name-decomposition-only,microseconds (us),suffix 'Us' on a latency/lat counter,ESA,Humbug,No,,8.0
zdom-vtx,prefetchCacheMaxGetLatUs,"[No verified description in Confluence. Literal name decomposition only, NOT a confirmed meaning: ""prefetch cache max get lat us""]",name-decomposition-only,microseconds (us),suffix 'Us' on a latency/lat counter,ESA,Humbug,No,,8.0
zdom-vtx,iopsCacheMissRate,"[No verified description in Confluence. Literal name decomposition only, NOT a confirmed meaning: ""iops cache miss rate""]",name-decomposition-only,IOPS (I/O operations per second),name starts with 'iops',ESA,Humbug,No,,8.0U2
zdom-vtx,tputCacheMissRate,"[No verified description in Confluence. Literal name decomposition only, NOT a confirmed meaning: ""tput cache miss rate""]",name-decomposition-only,bytes/sec (likely KB/s per vSAN perfsvc convention),name starts with 'tput'/'throughput',ESA,Humbug,No,,8.0U2
zdom-overview,tputDLogWrite,"[No verified description in Confluence. Literal name decomposition only, NOT a confirmed meaning: ""tputd log write""]",name-decomposition-only,bytes/sec (likely KB/s per vSAN perfsvc convention),name starts with 'tput'/'throughput',ESA,Humbug,No,,8.0
zdom-overview,tputBankFlush,"[No verified description in Confluence. Literal name decomposition only, NOT a confirmed meaning: ""tput bank flush""]",name-decomposition-only,bytes/sec (likely KB/s per vSAN perfsvc convention),name starts with 'tput'/'throughput',ESA,Humbug,No,,8.0
zdom-overview,tputMLogWrite,"[No verified description in Confluence. Literal name decomposition only, NOT a confirmed meaning: ""tputm log write""]",name-decomposition-only,bytes/sec (likely KB/s per vSAN perfsvc convention),name starts with 'tput'/'throughput',ESA,Humbug,No,,8.0
zdom-overview,tputUnmap,"Throughput of unmap (inferred by analogy with 'iopsUnmap': ""Cluster level unmap IOPS consumed from the perspective of IO entering the vSAN ESA object backend"")",inferred,bytes/sec (likely KB/s per vSAN perfsvc convention),name starts with 'tput'/'throughput',ESA,Humbug,No,,8.0
zdom-overview,rateTxnCreateOpBankCount,"[No verified description in Confluence. Literal name decomposition only, NOT a confirmed meaning: ""rate txn create op bank count""]",name-decomposition-only,count/sec (rate),name starts with 'rate',ESA,Humbug,No,,8.0
zdom-overview,rateTxnCreateOpSegMoveFreeCount,"[No verified description in Confluence. Literal name decomposition only, NOT a confirmed meaning: ""rate txn create op seg move free count""]",name-decomposition-only,count/sec (rate),name starts with 'rate',ESA,Humbug,No,,8.0
zdom-overview,rateTxnCreateOpUnmapCount,"[No verified description in Confluence. Literal name decomposition only, NOT a confirmed meaning: ""rate txn create op unmap count""]",name-decomposition-only,count/sec (rate),name starts with 'rate',ESA,Humbug,No,,8.0
zdom-overview,tputSegCleanUnmap,"[No verified description in Confluence. Literal name decomposition only, NOT a confirmed meaning: ""tput seg clean unmap""]",name-decomposition-only,bytes/sec (likely KB/s per vSAN perfsvc convention),name starts with 'tput'/'throughput',ESA,Humbug,No,,8.0
zdom-overview,tputSegCleanWrite,"[No verified description in Confluence. Literal name decomposition only, NOT a confirmed meaning: ""tput seg clean write""]",name-decomposition-only,bytes/sec (likely KB/s per vSAN perfsvc convention),name starts with 'tput'/'throughput',ESA,Humbug,No,,8.0
zdom-overview,tputSegCleanRead,"[No verified description in Confluence. Literal name decomposition only, NOT a confirmed meaning: ""tput seg clean read""]",name-decomposition-only,bytes/sec (likely KB/s per vSAN perfsvc convention),name starts with 'tput'/'throughput',ESA,Humbug,No,,8.0
zdom-overview,bankFlushError,"[No verified description in Confluence. Literal name decomposition only, NOT a confirmed meaning: ""bank flush error""]",name-decomposition-only,unknown (no naming convention matched),no rule matched,ESA,Humbug,No,,8.0
zdom-overview,numZdomObjects,"[No verified description in Confluence. Literal name decomposition only, NOT a confirmed meaning: ""num zdom objects""]",name-decomposition-only,count (dimensionless),name starts with 'num'/'count' or ends in 'Count',ESA,Humbug,No,,8.0
zdom-overview,lookupError,"[No verified description in Confluence. Literal name decomposition only, NOT a confirmed meaning: ""lookup error""]",name-decomposition-only,unknown (no naming convention matched),no rule matched,ESA,Humbug,No,,8.0
zdom-overview,tputVatWriteback,"[No verified description in Confluence. Literal name decomposition only, NOT a confirmed meaning: ""tput vat writeback""]",name-decomposition-only,bytes/sec (likely KB/s per vSAN perfsvc convention),name starts with 'tput'/'throughput',ESA,Humbug,No,,8.0
zdom-overview,snapCreateCount,"[No verified description in Confluence. Literal name decomposition only, NOT a confirmed meaning: ""snap create count""]",name-decomposition-only,count (dimensionless),name starts with 'num'/'count' or ends in 'Count',ESA,Humbug,No,,8.0
zdom-overview,snapDeleteCount,"[No verified description in Confluence. Literal name decomposition only, NOT a confirmed meaning: ""snap delete count""]",name-decomposition-only,count (dimensionless),name starts with 'num'/'count' or ends in 'Count',ESA,Humbug,No,,8.0
zdom-overview,latAvgSnapCreate,"Average latency of snap create (inferred by analogy with 'iopsSnapCreate': ""IOPS of creating zDOM snapshot"")",inferred,milliseconds (ms) for Avg/Stddev variants; microseconds (us) if the same metric has an explicit *Us sibling for Max,latency-family prefix without an explicit Us/Ms suffix,ESA,Humbug,No,,8.0
zdom-overview,latAvgSnapDelete,"Average latency of snap delete (inferred by analogy with 'iopsSnapDelete': ""IOPS of deleting zDOM snapshot"")",inferred,milliseconds (ms) for Avg/Stddev variants; microseconds (us) if the same metric has an explicit *Us sibling for Max,latency-family prefix without an explicit Us/Ms suffix,ESA,Humbug,No,,8.0
zdom-overview,latAvgBankFlush,"[No verified description in Confluence. Literal name decomposition only, NOT a confirmed meaning: ""lat avg bank flush""]",name-decomposition-only,milliseconds (ms) for Avg/Stddev variants; microseconds (us) if the same metric has an explicit *Us sibling for Max,latency-family prefix without an explicit Us/Ms suffix,ESA,Humbug,No,,8.0
zdom-overview,latAvgBtreeInBank,"[No verified description in Confluence. Literal name decomposition only, NOT a confirmed meaning: ""lat avg btree in bank""]",name-decomposition-only,milliseconds (ms) for Avg/Stddev variants; microseconds (us) if the same metric has an explicit *Us sibling for Max,latency-family prefix without an explicit Us/Ms suffix,ESA,Humbug,No,,8.0
zdom-overview,latAvgDLog,"[No verified description in Confluence. Literal name decomposition only, NOT a confirmed meaning: ""lat avgd log""]",name-decomposition-only,milliseconds (ms) for Avg/Stddev variants; microseconds (us) if the same metric has an explicit *Us sibling for Max,latency-family prefix without an explicit Us/Ms suffix,ESA,Humbug,No,,8.0
zdom-overview,latAvgbankWriteListWait,"[No verified description in Confluence. Literal name decomposition only, NOT a confirmed meaning: ""lat avgbank write list wait""]",name-decomposition-only,milliseconds (ms) for Avg/Stddev variants; microseconds (us) if the same metric has an explicit *Us sibling for Max,latency-family prefix without an explicit Us/Ms suffix,,,,,
zdom-overview,tputIoWritePerf,"[No verified description in Confluence. Literal name decomposition only, NOT a confirmed meaning: ""tput io write perf""]",name-decomposition-only,bytes/sec (likely KB/s per vSAN perfsvc convention),name starts with 'tput'/'throughput',ESA,Humbug,No,,9.0
zdom-overview,tputWrittenBack,"[No verified description in Confluence. Literal name decomposition only, NOT a confirmed meaning: ""tput written back""]",name-decomposition-only,bytes/sec (likely KB/s per vSAN perfsvc convention),name starts with 'tput'/'throughput',ESA,Humbug,No,,9.0
zdom-overview,tputIoWriteCap,"[No verified description in Confluence. Literal name decomposition only, NOT a confirmed meaning: ""tput io write cap""]",name-decomposition-only,bytes/sec (likely KB/s per vSAN perfsvc convention),name starts with 'tput'/'throughput',ESA,Humbug,No,,9.0
zdom-overview,tputBypassWrite,"[No verified description in Confluence. Literal name decomposition only, NOT a confirmed meaning: ""tput bypass write""]",name-decomposition-only,bytes/sec (likely KB/s per vSAN perfsvc convention),name starts with 'tput'/'throughput',ESA,Humbug,No,,9.0
zdom-overview,bypassWritePercent,"[No verified description in Confluence. Literal name decomposition only, NOT a confirmed meaning: ""bypass write percent""]",name-decomposition-only,percent (%),name ends in 'Pct'/'Percent',ESA,Humbug,No,,9.0
zdom-overview,iopsMultiReadToDom,"[No verified description in Confluence. Literal name decomposition only, NOT a confirmed meaning: ""iops multi read to dom""]",name-decomposition-only,IOPS (I/O operations per second),name starts with 'iops',ESA,Humbug,No,,9.0
zdom-overview,iopsMultiReadInBank,"[No verified description in Confluence. Literal name decomposition only, NOT a confirmed meaning: ""iops multi read in bank""]",name-decomposition-only,IOPS (I/O operations per second),name starts with 'iops',ESA,Humbug,No,,9.0
zdom-overview,tputMultiReadInBank,"[No verified description in Confluence. Literal name decomposition only, NOT a confirmed meaning: ""tput multi read in bank""]",name-decomposition-only,bytes/sec (likely KB/s per vSAN perfsvc convention),name starts with 'tput'/'throughput',ESA,Humbug,No,,9.0
zdom-overview,iopsMultiReadIsZero,"[No verified description in Confluence. Literal name decomposition only, NOT a confirmed meaning: ""iops multi read is zero""]",name-decomposition-only,IOPS (I/O operations per second),name starts with 'iops',ESA,Humbug,No,,9.0
zdom-overview,tputMultiReadIsZero,"[No verified description in Confluence. Literal name decomposition only, NOT a confirmed meaning: ""tput multi read is zero""]",name-decomposition-only,bytes/sec (likely KB/s per vSAN perfsvc convention),name starts with 'tput'/'throughput',ESA,Humbug,No,,9.0
zdom-overview,iopsBankFlushBypassWrite,"[No verified description in Confluence. Literal name decomposition only, NOT a confirmed meaning: ""iops bank flush bypass write""]",name-decomposition-only,IOPS (I/O operations per second),name starts with 'iops',ESA,Humbug,No,,9.0
zdom-overview,tputBankFlushBypassWrite,"[No verified description in Confluence. Literal name decomposition only, NOT a confirmed meaning: ""tput bank flush bypass write""]",name-decomposition-only,bytes/sec (likely KB/s per vSAN perfsvc convention),name starts with 'tput'/'throughput',ESA,Humbug,No,,9.0
zdom-overview,latBankFlushBypassWrite,"[No verified description in Confluence. Literal name decomposition only, NOT a confirmed meaning: ""lat bank flush bypass write""]",name-decomposition-only,unknown (no naming convention matched),no rule matched,ESA,Humbug,No,,9.0
zdom-overview,bankFlushBypassWriteLatencyMaxUs,"[No verified description in Confluence. Literal name decomposition only, NOT a confirmed meaning: ""bank flush bypass write latency max us""]",name-decomposition-only,microseconds (us),suffix 'Us' on a latency/lat counter,ESA,Humbug,No,,9.0
zdom-overview,latbankFlushBypassWriteListWait,"[No verified description in Confluence. Literal name decomposition only, NOT a confirmed meaning: ""latbank flush bypass write list wait""]",name-decomposition-only,unknown (no naming convention matched),no rule matched,ESA,Humbug,No,,9.0
zdom-overview,iopsBankFSWPost,"[No verified description in Confluence. Literal name decomposition only, NOT a confirmed meaning: ""iops bank fsw post""]",name-decomposition-only,IOPS (I/O operations per second),name starts with 'iops',ESA,Humbug,No,,9.0
zdom-overview,tputBankFSWPost,"[No verified description in Confluence. Literal name decomposition only, NOT a confirmed meaning: ""tput bank fsw post""]",name-decomposition-only,bytes/sec (likely KB/s per vSAN perfsvc convention),name starts with 'tput'/'throughput',ESA,Humbug,No,,9.0
zdom-overview,latBankFSWPost,"[No verified description in Confluence. Literal name decomposition only, NOT a confirmed meaning: ""lat bank fsw post""]",name-decomposition-only,unknown (no naming convention matched),no rule matched,ESA,Humbug,No,,9.0
zdom-overview,bankFSWPostLatencyMaxUs,"[No verified description in Confluence. Literal name decomposition only, NOT a confirmed meaning: ""bank fsw post latency max us""]",name-decomposition-only,microseconds (us),suffix 'Us' on a latency/lat counter,ESA,Humbug,No,,9.0
zdom-overview,latBankFSWListWait,"[No verified description in Confluence. Literal name decomposition only, NOT a confirmed meaning: ""lat bank fsw list wait""]",name-decomposition-only,unknown (no naming convention matched),no rule matched,ESA,Humbug,No,,9.0
zdom-overview,iopsBankFSWStripeWait,"[No verified description in Confluence. Literal name decomposition only, NOT a confirmed meaning: ""iops bank fsw stripe wait""]",name-decomposition-only,IOPS (I/O operations per second),name starts with 'iops',ESA,Humbug,No,,9.0
zdom-overview,latBankFSWStripeWait,"[No verified description in Confluence. Literal name decomposition only, NOT a confirmed meaning: ""lat bank fsw stripe wait""]",name-decomposition-only,unknown (no naming convention matched),no rule matched,ESA,Humbug,No,,9.0
zdom-overview,bankFSWBankNumStripesInFlight,"[No verified description in Confluence. Literal name decomposition only, NOT a confirmed meaning: ""bank fsw bank num stripes in flight""]",name-decomposition-only,unknown (no naming convention matched),no rule matched,ESA,Humbug,No,,9.0
zdom-overview,iopsBankFSW,"[No verified description in Confluence. Literal name decomposition only, NOT a confirmed meaning: ""iops bank fsw""]",name-decomposition-only,IOPS (I/O operations per second),name starts with 'iops',ESA,Humbug,No,,9.0
zdom-overview,latBankFlushListWait,"[No verified description in Confluence. Literal name decomposition only, NOT a confirmed meaning: ""lat bank flush list wait""]",name-decomposition-only,unknown (no naming convention matched),no rule matched,ESA,Humbug,No,,9.0
zdom-overview,bypassWriteWaitCount,"[No verified description in Confluence. Literal name decomposition only, NOT a confirmed meaning: ""bypass write wait count""]",name-decomposition-only,count (dimensionless),name starts with 'num'/'count' or ends in 'Count',ESA,Humbug,No,,9.0
zdom-overview,bypassWriteFallbackPercent,"[No verified description in Confluence. Literal name decomposition only, NOT a confirmed meaning: ""bypass write fallback percent""]",name-decomposition-only,percent (%),name ends in 'Pct'/'Percent',ESA,Humbug,No,,9.0
zdom-overview,bypassWriteIneligiblePercent,"[No verified description in Confluence. Literal name decomposition only, NOT a confirmed meaning: ""bypass write ineligible percent""]",name-decomposition-only,percent (%),name ends in 'Pct'/'Percent',ESA,Humbug,No,,9.0
zdom-llp,tputTruncVatWriteBack,"[No verified description in Confluence. Literal name decomposition only, NOT a confirmed meaning: ""tput trunc vat write back""]",name-decomposition-only,bytes/sec (likely KB/s per vSAN perfsvc convention),name starts with 'tput'/'throughput',ESA,Humbug,No,,8.0
zdom-llp,rateTruncVatWriteBackNumSegments,"[No verified description in Confluence. Literal name decomposition only, NOT a confirmed meaning: ""rate trunc vat write back num segments""]",name-decomposition-only,count/sec (rate),name starts with 'rate',ESA,Humbug,No,,8.0
zdom-llp,tputMpVatWriteBack,"[No verified description in Confluence. Literal name decomposition only, NOT a confirmed meaning: ""tput mp vat write back""]",name-decomposition-only,bytes/sec (likely KB/s per vSAN perfsvc convention),name starts with 'tput'/'throughput',ESA,Humbug,No,,8.0
zdom-llp,rateMpVatWriteBackNumSegments,"[No verified description in Confluence. Literal name decomposition only, NOT a confirmed meaning: ""rate mp vat write back num segments""]",name-decomposition-only,count/sec (rate),name starts with 'rate',ESA,Humbug,No,,8.0
zdom-llp,latAvgTruncVatWriteBack,"[No verified description in Confluence. Literal name decomposition only, NOT a confirmed meaning: ""lat avg trunc vat write back""]",name-decomposition-only,milliseconds (ms) for Avg/Stddev variants; microseconds (us) if the same metric has an explicit *Us sibling for Max,latency-family prefix without an explicit Us/Ms suffix,ESA,Humbug,No,,8.0
zdom-llp,latAvgMpVatWriteBack,"[No verified description in Confluence. Literal name decomposition only, NOT a confirmed meaning: ""lat avg mp vat write back""]",name-decomposition-only,milliseconds (ms) for Avg/Stddev variants; microseconds (us) if the same metric has an explicit *Us sibling for Max,latency-family prefix without an explicit Us/Ms suffix,ESA,Humbug,No,,8.0
zdom-llp,latAvgMLogBarrierGatherVat,"[No verified description in Confluence. Literal name decomposition only, NOT a confirmed meaning: ""lat avgm log barrier gather vat""]",name-decomposition-only,milliseconds (ms) for Avg/Stddev variants; microseconds (us) if the same metric has an explicit *Us sibling for Max,latency-family prefix without an explicit Us/Ms suffix,ESA,Humbug,No,,8.0
zdom-llp,latAvgTruncVatWriteBackCopyOut,"[No verified description in Confluence. Literal name decomposition only, NOT a confirmed meaning: ""lat avg trunc vat write back copy out""]",name-decomposition-only,milliseconds (ms) for Avg/Stddev variants; microseconds (us) if the same metric has an explicit *Us sibling for Max,latency-family prefix without an explicit Us/Ms suffix,ESA,Humbug,No,,8.0
zdom-snapshot,logicalMapPagesDeleteCount,"[No verified description in Confluence. Literal name decomposition only, NOT a confirmed meaning: ""logical map pages delete count""]",name-decomposition-only,count (dimensionless),name starts with 'num'/'count' or ends in 'Count',ESA,Humbug,No,,8.0
zdom-snapshot,logicalMapPagesReadCount,"[No verified description in Confluence. Literal name decomposition only, NOT a confirmed meaning: ""logical map pages read count""]",name-decomposition-only,count (dimensionless),name starts with 'num'/'count' or ends in 'Count',ESA,Humbug,No,,8.0
zdom-snapshot,middleMapExtentsDeleteCount,"[No verified description in Confluence. Literal name decomposition only, NOT a confirmed meaning: ""middle map extents delete count""]",name-decomposition-only,count (dimensionless),name starts with 'num'/'count' or ends in 'Count',ESA,Humbug,No,,8.0
zdom-snapshot,ioSizeTxnSnapDeleteLog,"[No verified description in Confluence. Literal name decomposition only, NOT a confirmed meaning: ""io size txn snap delete log""]",name-decomposition-only,bytes,name starts with 'ioSize',ESA,Humbug,No,,8.0
zdom-snapshot,ioSizeTxnSnapDelMetaUpdateLog,"[No verified description in Confluence. Literal name decomposition only, NOT a confirmed meaning: ""io size txn snap del meta update log""]",name-decomposition-only,bytes,name starts with 'ioSize',ESA,Humbug,No,,8.0
zdom-snapshot,ioSizeTxnDelExtMiddleTreeLog,"[No verified description in Confluence. Literal name decomposition only, NOT a confirmed meaning: ""io size txn del ext middle tree log""]",name-decomposition-only,bytes,name starts with 'ioSize',ESA,Humbug,No,,8.0
zdom-snapshot,tputTxnSnapDeleteLog,"[No verified description in Confluence. Literal name decomposition only, NOT a confirmed meaning: ""tput txn snap delete log""]",name-decomposition-only,bytes/sec (likely KB/s per vSAN perfsvc convention),name starts with 'tput'/'throughput',ESA,Humbug,No,,8.0
zdom-snapshot,tputTxnSnapDelMetaUpdateLog,"[No verified description in Confluence. Literal name decomposition only, NOT a confirmed meaning: ""tput txn snap del meta update log""]",name-decomposition-only,bytes/sec (likely KB/s per vSAN perfsvc convention),name starts with 'tput'/'throughput',ESA,Humbug,No,,8.0
zdom-snapshot,tputTxnDelExtMiddleTreeLog,"[No verified description in Confluence. Literal name decomposition only, NOT a confirmed meaning: ""tput txn del ext middle tree log""]",name-decomposition-only,bytes/sec (likely KB/s per vSAN perfsvc convention),name starts with 'tput'/'throughput',ESA,Humbug,No,,8.0
zdom-seg-cleaning,numPasses,"[No verified description in Confluence. Literal name decomposition only, NOT a confirmed meaning: ""num passes""]",name-decomposition-only,count (dimensionless),name starts with 'num'/'count' or ends in 'Count',ESA,Humbug,No,,8.0
zdom-seg-cleaning,numSegsUnmapped,"[No verified description in Confluence. Literal name decomposition only, NOT a confirmed meaning: ""num segs unmapped""]",name-decomposition-only,count (dimensionless),name starts with 'num'/'count' or ends in 'Count',ESA,Humbug,No,,8.0
zdom-seg-cleaning,numSegsNotUnmappable,"[No verified description in Confluence. Literal name decomposition only, NOT a confirmed meaning: ""num segs not unmappable""]",name-decomposition-only,count (dimensionless),name starts with 'num'/'count' or ends in 'Count',ESA,Humbug,No,,8.0
zdom-seg-cleaning,numSegsOverwrite,"[No verified description in Confluence. Literal name decomposition only, NOT a confirmed meaning: ""num segs overwrite""]",name-decomposition-only,count (dimensionless),name starts with 'num'/'count' or ends in 'Count',ESA,Humbug,No,,8.0
zdom-seg-cleaning,numSegsFreed,"[No verified description in Confluence. Literal name decomposition only, NOT a confirmed meaning: ""num segs freed""]",name-decomposition-only,count (dimensionless),name starts with 'num'/'count' or ends in 'Count',ESA,Humbug,No,,8.0
zdom-seg-cleaning,numDataSegsRead,"[No verified description in Confluence. Literal name decomposition only, NOT a confirmed meaning: ""num data segs read""]",name-decomposition-only,count (dimensionless),name starts with 'num'/'count' or ends in 'Count',ESA,Humbug,No,,8.0
zdom-seg-cleaning,numLLPSegsRead,"[No verified description in Confluence. Literal name decomposition only, NOT a confirmed meaning: ""num llp segs read""]",name-decomposition-only,count (dimensionless),name starts with 'num'/'count' or ends in 'Count',ESA,Humbug,No,,8.0
zdom-seg-cleaning,numSegsRead,"[No verified description in Confluence. Literal name decomposition only, NOT a confirmed meaning: ""num segs read""]",name-decomposition-only,count (dimensionless),name starts with 'num'/'count' or ends in 'Count',ESA,Humbug,No,,8.0
zdom-seg-cleaning,numDataSegsWrite,"[No verified description in Confluence. Literal name decomposition only, NOT a confirmed meaning: ""num data segs write""]",name-decomposition-only,count (dimensionless),name starts with 'num'/'count' or ends in 'Count',ESA,Humbug,No,,8.0
zdom-seg-cleaning,numLLPSegsWrite,"[No verified description in Confluence. Literal name decomposition only, NOT a confirmed meaning: ""num llp segs write""]",name-decomposition-only,count (dimensionless),name starts with 'num'/'count' or ends in 'Count',ESA,Humbug,No,,8.0
zdom-seg-cleaning,numSegsWrite,"[No verified description in Confluence. Literal name decomposition only, NOT a confirmed meaning: ""num segs write""]",name-decomposition-only,count (dimensionless),name starts with 'num'/'count' or ends in 'Count',ESA,Humbug,No,,8.0
zdom-seg-cleaning,latAvgPassRuntime,"[No verified description in Confluence. Literal name decomposition only, NOT a confirmed meaning: ""lat avg pass runtime""]",name-decomposition-only,milliseconds (ms) for Avg/Stddev variants; microseconds (us) if the same metric has an explicit *Us sibling for Max,latency-family prefix without an explicit Us/Ms suffix,ESA,Humbug,No,,8.0
zdom-seg-cleaning,latAvgSleepTime,"[No verified description in Confluence. Literal name decomposition only, NOT a confirmed meaning: ""lat avg sleep time""]",name-decomposition-only,milliseconds (ms) for Avg/Stddev variants; microseconds (us) if the same metric has an explicit *Us sibling for Max,latency-family prefix without an explicit Us/Ms suffix,ESA,Humbug,No,,8.0
vsan-zdom-gsc,avgProactiveGoodnessCapacity,Average proactive cleaning goodness threshold,confluence,"score (dimensionless, 0-100 relative goodness)",name relates to segment-cleaning 'goodness' score,ESA,Humbug,No,,8.0
vsan-zdom-gsc,avgReactiveGoodnessCapacity,Average Reactive cleaning goodness threshold,confluence,"score (dimensionless, 0-100 relative goodness)",name relates to segment-cleaning 'goodness' score,ESA,Humbug,No,,8.0
vsan-zdom-gsc,proactiveCleaningRateCapacity,Proactive cleaning rate per second,confluence,unknown (no naming convention matched),no rule matched,ESA,Humbug,No,,8.0
vsan-zdom-gsc,reactiveCleaningRateCapacity,Reactive cleaning rate per second,confluence,unknown (no naming convention matched),no rule matched,ESA,Humbug,No,,8.0
vsan-zdom-gsc,currentWriteRateCapacity,Current write workload rate per second,confluence,unknown (no naming convention matched),no rule matched,ESA,Humbug,No,,8.0
vsan-zdom-gsc,maxWriteRateCapacity,Max write workload rate per second,confluence,unknown (no naming convention matched),no rule matched,ESA,Humbug,No,,8.0
vsan-zdom-gsc,physDiskFullnessPctCapacity,Physical Disk fullness percentage,confluence,percent (%),name contains 'FullnessPct',ESA,Humbug,No,,8.0
vsan-zdom-gsc,rawDiskFullnessPctCapacity,Raw Disk fullness percentage,confluence,percent (%),name contains 'FullnessPct',ESA,Humbug,No,,8.0
vsan-zdom-gsc,rateObjGoodnessMapEntriesCapacity,Rate of object goodness map entries for disk,confluence,count/sec (rate),name starts with 'rate',ESA,Humbug,No,,8.0
zdom-btree,logicalTreeSplitLeafNodeCount,"[No verified description in Confluence. Literal name decomposition only, NOT a confirmed meaning: ""logical tree split leaf node count""]",name-decomposition-only,count (dimensionless),name starts with 'num'/'count' or ends in 'Count',ESA,Humbug,No,,8.0
zdom-btree,logicalTreeMergeLeafNodeCount,"[No verified description in Confluence. Literal name decomposition only, NOT a confirmed meaning: ""logical tree merge leaf node count""]",name-decomposition-only,count (dimensionless),name starts with 'num'/'count' or ends in 'Count',ESA,Humbug,No,,8.0
zdom-btree,logicalTreeLeafInsertCount,"[No verified description in Confluence. Literal name decomposition only, NOT a confirmed meaning: ""logical tree leaf insert count""]",name-decomposition-only,count (dimensionless),name starts with 'num'/'count' or ends in 'Count',ESA,Humbug,No,,8.0
zdom-btree,logicalTreeLeafInsertNumExtents,"[No verified description in Confluence. Literal name decomposition only, NOT a confirmed meaning: ""logical tree leaf insert num extents""]",name-decomposition-only,count (dimensionless),name relates to extent counts,ESA,Humbug,No,,8.0
zdom-btree,logicalTreeLeafInsertLenExtents,"[No verified description in Confluence. Literal name decomposition only, NOT a confirmed meaning: ""logical tree leaf insert len extents""]",name-decomposition-only,count (dimensionless),name relates to extent counts,ESA,Humbug,No,,8.0
zdom-btree,logicalTreeLeafRemoveCount,"[No verified description in Confluence. Literal name decomposition only, NOT a confirmed meaning: ""logical tree leaf remove count""]",name-decomposition-only,count (dimensionless),name starts with 'num'/'count' or ends in 'Count',ESA,Humbug,No,,8.0
zdom-btree,logicalTreeLeafRemoveNumExtents,"[No verified description in Confluence. Literal name decomposition only, NOT a confirmed meaning: ""logical tree leaf remove num extents""]",name-decomposition-only,count (dimensionless),name relates to extent counts,ESA,Humbug,No,,8.0
zdom-btree,logicalTreeLeafRemoveLenExtents,"[No verified description in Confluence. Literal name decomposition only, NOT a confirmed meaning: ""logical tree leaf remove len extents""]",name-decomposition-only,count (dimensionless),name relates to extent counts,ESA,Humbug,No,,8.0
zdom-btree,middleTreeSplitLeafNodeCount,"[No verified description in Confluence. Literal name decomposition only, NOT a confirmed meaning: ""middle tree split leaf node count""]",name-decomposition-only,count (dimensionless),name starts with 'num'/'count' or ends in 'Count',ESA,Humbug,No,,8.0
zdom-btree,middleTreeMergeLeafNodeCount,"[No verified description in Confluence. Literal name decomposition only, NOT a confirmed meaning: ""middle tree merge leaf node count""]",name-decomposition-only,count (dimensionless),name starts with 'num'/'count' or ends in 'Count',ESA,Humbug,No,,8.0
zdom-btree,middleTreeLeafInsertCount,"[No verified description in Confluence. Literal name decomposition only, NOT a confirmed meaning: ""middle tree leaf insert count""]",name-decomposition-only,count (dimensionless),name starts with 'num'/'count' or ends in 'Count',ESA,Humbug,No,,8.0
zdom-btree,middleTreeLeafInsertNumExtents,"[No verified description in Confluence. Literal name decomposition only, NOT a confirmed meaning: ""middle tree leaf insert num extents""]",name-decomposition-only,count (dimensionless),name relates to extent counts,ESA,Humbug,No,,8.0
zdom-btree,middleTreeLeafInsertLenExtents,"[No verified description in Confluence. Literal name decomposition only, NOT a confirmed meaning: ""middle tree leaf insert len extents""]",name-decomposition-only,count (dimensionless),name relates to extent counts,ESA,Humbug,No,,8.0
zdom-btree,middleTreeLeafRemoveCount,"[No verified description in Confluence. Literal name decomposition only, NOT a confirmed meaning: ""middle tree leaf remove count""]",name-decomposition-only,count (dimensionless),name starts with 'num'/'count' or ends in 'Count',ESA,Humbug,No,,8.0
zdom-btree,middleTreeLeafRemoveNumExtents,"[No verified description in Confluence. Literal name decomposition only, NOT a confirmed meaning: ""middle tree leaf remove num extents""]",name-decomposition-only,count (dimensionless),name relates to extent counts,ESA,Humbug,No,,8.0
zdom-btree,middleTreeLeafRemoveLenExtents,"[No verified description in Confluence. Literal name decomposition only, NOT a confirmed meaning: ""middle tree leaf remove len extents""]",name-decomposition-only,count (dimensionless),name relates to extent counts,ESA,Humbug,No,,8.0
host-zdom-top-stats,iopsRead,Host level read IOPS consumed from the perspective of IO entering the vSAN ESA object backend,confluence,IOPS (I/O operations per second),name starts with 'iops',ESA,Humbug & VC UI,No,,8.0U2
host-zdom-top-stats,throughputRead,Host level read throughput consumed from the perspective of IO entering the vSAN ESA object backend,confluence,bytes/sec (likely KB/s per vSAN perfsvc convention),name starts with 'tput'/'throughput',ESA,Humbug & VC UI,No,,8.0U2
host-zdom-top-stats,latencyAvgRead,Host level average read latency of IOs consumed from the perspective of IO entering the vSAN ESA object backend,confluence,milliseconds (ms) for Avg/Stddev variants; microseconds (us) if the same metric has an explicit *Us sibling for Max,latency-family prefix without an explicit Us/Ms suffix,ESA,Humbug & VC UI,No,,8.0U2
host-zdom-top-stats,readCount,Host level read count consumed from the perspective of IO entering the vSAN ESA object backend,confluence,count (dimensionless),name starts with 'num'/'count' or ends in 'Count',ESA,Humbug,No,,8.0U2
host-zdom-top-stats,iopsWrite,Host level write IOPS consumed from the perspective of IO entering the vSAN ESA object backend,confluence,IOPS (I/O operations per second),name starts with 'iops',ESA,Humbug & VC UI,No,,8.0U2
host-zdom-top-stats,throughputWrite,Host level write throughput consumed from the perspective of IO entering the vSAN ESA object backend,confluence,bytes/sec (likely KB/s per vSAN perfsvc convention),name starts with 'tput'/'throughput',ESA,Humbug & VC UI,No,,8.0U2
host-zdom-top-stats,latencyAvgWrite,Host level average write latency of IOs consumed from the perspective of IO entering the vSAN ESA object backend,confluence,milliseconds (ms) for Avg/Stddev variants; microseconds (us) if the same metric has an explicit *Us sibling for Max,latency-family prefix without an explicit Us/Ms suffix,ESA,Humbug & VC UI,No,,8.0U2
host-zdom-top-stats,writeCount,Host level write count consumed from the perspective of IO entering the vSAN ESA object backend,confluence,count (dimensionless),name starts with 'num'/'count' or ends in 'Count',ESA,Humbug,No,,8.0U2
host-zdom-top-stats,iopsUnmap,Host level unmap IOPS consumed from the perspective of IO entering the vSAN ESA object backend,confluence,IOPS (I/O operations per second),name starts with 'iops',ESA,Humbug,No,,8.0U2
host-zdom-top-stats,throughputUnmap,Host level unmap throughput consumed from the perspective of IO entering the vSAN ESA object backend,confluence,bytes/sec (likely KB/s per vSAN perfsvc convention),name starts with 'tput'/'throughput',ESA,Humbug,No,,8.0U2
host-zdom-top-stats,latencyAvgUnmap,Host level average unmap latency of IOs consumed from the perspective of IO entering the vSAN ESA object backend,confluence,milliseconds (ms) for Avg/Stddev variants; microseconds (us) if the same metric has an explicit *Us sibling for Max,latency-family prefix without an explicit Us/Ms suffix,ESA,Humbug,No,,8.0U2
host-zdom-top-stats,unmapCount,Host level unmap count consumed from the perspective of IO entering the vSAN ESA object backend,confluence,count (dimensionless),name starts with 'num'/'count' or ends in 'Count',ESA,Humbug,No,,8.0U2
host-zdom-top-stats,ioCount,Host level total count consumed from the perspective of IO entering the vSAN ESA object backend,confluence,count (dimensionless),name starts with 'num'/'count' or ends in 'Count',ESA,Humbug,No,,8.0U2
host-zdom-top-stats,oioRead,Host level read outstanding IO consumed from the perspective of IO entering the vSAN ESA object backend,confluence,"count (outstanding I/Os, dimensionless)",name starts with 'oio',ESA,Humbug,No,,8.0U2
host-zdom-top-stats,oioWrite,Host level write outstanding IO consumed from the perspective of IO entering the vSAN ESA object backend,confluence,"count (outstanding I/Os, dimensionless)",name starts with 'oio',ESA,Humbug,No,,8.0U2
host-zdom-top-stats,oio,Host level outstanding IO consumed from the perspective of IO entering the vSAN ESA object backend,confluence,"count (outstanding I/Os, dimensionless)",name starts with 'oio',ESA,Humbug,No,,8.0U2
host-zdom-top-stats,readLatencyMaxUs,Host level max read latency time of microsecond of IOs consumed from the perspective of IO entering the vSAN ESA object backend,confluence,microseconds (us),suffix 'Us' on a latency/lat counter,ESA,Humbug,No,,8.0U2
host-zdom-top-stats,writeLatencyMaxUs,Host level max write latency time of microsecond of IOs consumed from the perspective of IO entering the vSAN ESA object backend,confluence,microseconds (us),suffix 'Us' on a latency/lat counter,ESA,Humbug,No,,8.0U2
host-zdom-top-stats,unmapLatencyMaxUs,Host level max unmap latency time of microsecond of IOs consumed from the perspective of IO entering the vSAN ESA object backend,confluence,microseconds (us),suffix 'Us' on a latency/lat counter,ESA,Humbug,No,,8.0U2
cluster-zdom-top-stats,iopsRead,Cluster level read IOPS consumed from the perspective of IO entering the vSAN ESA object backend,confluence,IOPS (I/O operations per second),name starts with 'iops',ESA,Humbug & VC UI,No,,8.0U2
cluster-zdom-top-stats,throughputRead,Cluster level read throughput consumed from the perspective of IO entering the vSAN ESA object backend,confluence,bytes/sec (likely KB/s per vSAN perfsvc convention),name starts with 'tput'/'throughput',ESA,Humbug & VC UI,No,,8.0U2
cluster-zdom-top-stats,latencyAvgRead,Cluster level average read latency of IOs consumed from the perspective of IO entering the vSAN ESA object backend,confluence,milliseconds (ms) for Avg/Stddev variants; microseconds (us) if the same metric has an explicit *Us sibling for Max,latency-family prefix without an explicit Us/Ms suffix,ESA,Humbug & VC UI,No,,8.0U2
cluster-zdom-top-stats,readCount,Cluster level read count consumed from the perspective of IO entering the vSAN ESA object backend,confluence,count (dimensionless),name starts with 'num'/'count' or ends in 'Count',ESA,Humbug,No,,8.0U2
cluster-zdom-top-stats,iopsWrite,Cluster level write IOPS consumed from the perspective of IO entering the vSAN ESA object backend,confluence,IOPS (I/O operations per second),name starts with 'iops',ESA,Humbug & VC UI,No,,8.0U2
cluster-zdom-top-stats,throughputWrite,Cluster level write throughput consumed from the perspective of IO entering the vSAN ESA object backend,confluence,bytes/sec (likely KB/s per vSAN perfsvc convention),name starts with 'tput'/'throughput',ESA,Humbug & VC UI,No,,8.0U2
cluster-zdom-top-stats,latencyAvgWrite,Cluster level average write latency of IOs consumed from the perspective of IO entering the vSAN ESA object backend,confluence,milliseconds (ms) for Avg/Stddev variants; microseconds (us) if the same metric has an explicit *Us sibling for Max,latency-family prefix without an explicit Us/Ms suffix,ESA,Humbug & VC UI,No,,8.0U2
cluster-zdom-top-stats,writeCount,Cluster level write count consumed from the perspective of IO entering the vSAN ESA object backend,confluence,count (dimensionless),name starts with 'num'/'count' or ends in 'Count',ESA,Humbug,No,,8.0U2
cluster-zdom-top-stats,iopsUnmap,Cluster level unmap IOPS consumed from the perspective of IO entering the vSAN ESA object backend,confluence,IOPS (I/O operations per second),name starts with 'iops',ESA,Humbug,No,,8.0U2
cluster-zdom-top-stats,throughputUnmap,Cluster level unmap throughput consumed from the perspective of IO entering the vSAN ESA object backend,confluence,bytes/sec (likely KB/s per vSAN perfsvc convention),name starts with 'tput'/'throughput',ESA,Humbug,No,,8.0U2
cluster-zdom-top-stats,latencyAvgUnmap,Cluster level average unmap latency of IOs consumed from the perspective of IO entering the vSAN ESA object backend,confluence,milliseconds (ms) for Avg/Stddev variants; microseconds (us) if the same metric has an explicit *Us sibling for Max,latency-family prefix without an explicit Us/Ms suffix,ESA,Humbug,No,,8.0U2
cluster-zdom-top-stats,unmapCount,Cluster level unmap count consumed from the perspective of IO entering the vSAN ESA object backend,confluence,count (dimensionless),name starts with 'num'/'count' or ends in 'Count',ESA,Humbug,No,,8.0U2
cluster-zdom-top-stats,ioCount,Cluster level total count consumed from the perspective of IO entering the vSAN ESA object backend,confluence,count (dimensionless),name starts with 'num'/'count' or ends in 'Count',ESA,Humbug,No,,8.0U2
cluster-zdom-top-stats,oioRead,Cluster level read outstanding IO consumed from the perspective of IO entering the vSAN ESA object backend,confluence,"count (outstanding I/Os, dimensionless)",name starts with 'oio',ESA,Humbug,No,,8.0U2
cluster-zdom-top-stats,oioWrite,Cluster level write outstanding IO consumed from the perspective of IO entering the vSAN ESA object backend,confluence,"count (outstanding I/Os, dimensionless)",name starts with 'oio',ESA,Humbug,No,,8.0U2
cluster-zdom-top-stats,oio,Cluster level outstanding IO consumed from the perspective of IO entering the vSAN ESA object backend,confluence,"count (outstanding I/Os, dimensionless)",name starts with 'oio',ESA,Humbug,No,,8.0U2
cluster-zdom-io-cost (NOT on Confluence page),ioCostEMA,"[NOT documented on the Confluence zDOM Metrics page at all. Seen live in a sample perf bundle capture. Literal name decomposition only, NOT a confirmed meaning: ""io cost ema""]",undocumented-live-metric,score (dimensionless exponential-moving-average I/O cost),ioCostEMA is a unitless scheduler cost metric,,,,,
zdom-compression (NOT on Confluence page),LZ4_CompressTput,"[NOT documented on the Confluence zDOM Metrics page at all. Seen live in a sample perf bundle capture. Literal name decomposition only, NOT a confirmed meaning: ""lz4_ compress tput""]",undocumented-live-metric,unknown (no naming convention matched),no rule matched,,,,,
zdom-compression (NOT on Confluence page),LZ4_CompressedTput,"[NOT documented on the Confluence zDOM Metrics page at all. Seen live in a sample perf bundle capture. Literal name decomposition only, NOT a confirmed meaning: ""lz4_ compressed tput""]",undocumented-live-metric,unknown (no naming convention matched),no rule matched,,,,,
zdom-compression (NOT on Confluence page),LZ4_DecompressTput,"[NOT documented on the Confluence zDOM Metrics page at all. Seen live in a sample perf bundle capture. Literal name decomposition only, NOT a confirmed meaning: ""lz4_ decompress tput""]",undocumented-live-metric,unknown (no naming convention matched),no rule matched,,,,,
zdom-compression (NOT on Confluence page),LZ4_DecompressedTput,"[NOT documented on the Confluence zDOM Metrics page at all. Seen live in a sample perf bundle capture. Literal name decomposition only, NOT a confirmed meaning: ""lz4_ decompressed tput""]",undocumented-live-metric,unknown (no naming convention matched),no rule matched,,,,,
zdom-compression (NOT on Confluence page),ZSTD_CompressTput,"[NOT documented on the Confluence zDOM Metrics page at all. Seen live in a sample perf bundle capture. Literal name decomposition only, NOT a confirmed meaning: ""zstd_ compress tput""]",undocumented-live-metric,unknown (no naming convention matched),no rule matched,,,,,
zdom-compression (NOT on Confluence page),ZSTD_CompressedTput,"[NOT documented on the Confluence zDOM Metrics page at all. Seen live in a sample perf bundle capture. Literal name decomposition only, NOT a confirmed meaning: ""zstd_ compressed tput""]",undocumented-live-metric,unknown (no naming convention matched),no rule matched,,,,,
zdom-compression (NOT on Confluence page),ZSTD_DecompressTput,"[NOT documented on the Confluence zDOM Metrics page at all. Seen live in a sample perf bundle capture. Literal name decomposition only, NOT a confirmed meaning: ""zstd_ decompress tput""]",undocumented-live-metric,unknown (no naming convention matched),no rule matched,,,,,
zdom-compression (NOT on Confluence page),ZSTD_DecompressedTput,"[NOT documented on the Confluence zDOM Metrics page at all. Seen live in a sample perf bundle capture. Literal name decomposition only, NOT a confirmed meaning: ""zstd_ decompressed tput""]",undocumented-live-metric,unknown (no naming convention matched),no rule matched,,,,,
zdom-io (NOT on Confluence page),inlineLookupLatency,"[NOT documented on the Confluence zDOM Metrics page at all. Seen live in a sample perf bundle capture. Literal name decomposition only, NOT a confirmed meaning: ""inline lookup latency""]",undocumented-live-metric,unknown (no naming convention matched),no rule matched,,,,,
zdom-io (NOT on Confluence page),iopsBankFlush,"[NOT documented on the Confluence zDOM Metrics page at all. Seen live in a sample perf bundle capture. Literal name decomposition only, NOT a confirmed meaning: ""iops bank flush""]",undocumented-live-metric,IOPS (I/O operations per second),name starts with 'iops',,,,,
zdom-io (NOT on Confluence page),iopsBankOverlap,"[NOT documented on the Confluence zDOM Metrics page at all. Seen live in a sample perf bundle capture. Literal name decomposition only, NOT a confirmed meaning: ""iops bank overlap""]",undocumented-live-metric,IOPS (I/O operations per second),name starts with 'iops',,,,,
zdom-io (NOT on Confluence page),latencyAvgBankFlush,"[NOT documented on the Confluence zDOM Metrics page at all. Seen live in a sample perf bundle capture. Literal name decomposition only, NOT a confirmed meaning: ""latency avg bank flush""]",undocumented-live-metric,milliseconds (ms) for Avg/Stddev variants; microseconds (us) if the same metric has an explicit *Us sibling for Max,latency-family prefix without an explicit Us/Ms suffix,,,,,
zdom-io (NOT on Confluence page),latencyAvgBankFlushFSWListWait,"[NOT documented on the Confluence zDOM Metrics page at all. Seen live in a sample perf bundle capture. Literal name decomposition only, NOT a confirmed meaning: ""latency avg bank flush fsw list wait""]",undocumented-live-metric,milliseconds (ms) for Avg/Stddev variants; microseconds (us) if the same metric has an explicit *Us sibling for Max,latency-family prefix without an explicit Us/Ms suffix,,,,,
zdom-io (NOT on Confluence page),latencyAvgBankFlushListWait,"[NOT documented on the Confluence zDOM Metrics page at all. Seen live in a sample perf bundle capture. Literal name decomposition only, NOT a confirmed meaning: ""latency avg bank flush list wait""]",undocumented-live-metric,milliseconds (ms) for Avg/Stddev variants; microseconds (us) if the same metric has an explicit *Us sibling for Max,latency-family prefix without an explicit Us/Ms suffix,,,,,
zdom-io (NOT on Confluence page),latencyAvgBankWriteListWait,"[NOT documented on the Confluence zDOM Metrics page at all. Seen live in a sample perf bundle capture. Literal name decomposition only, NOT a confirmed meaning: ""latency avg bank write list wait""]",undocumented-live-metric,milliseconds (ms) for Avg/Stddev variants; microseconds (us) if the same metric has an explicit *Us sibling for Max,latency-family prefix without an explicit Us/Ms suffix,,,,,
zdom-io (NOT on Confluence page),latencyAvgDurableLogListWait,"[NOT documented on the Confluence zDOM Metrics page at all. Seen live in a sample perf bundle capture. Literal name decomposition only, NOT a confirmed meaning: ""latency avg durable log list wait""]",undocumented-live-metric,milliseconds (ms) for Avg/Stddev variants; microseconds (us) if the same metric has an explicit *Us sibling for Max,latency-family prefix without an explicit Us/Ms suffix,,,,,
zdom-io (NOT on Confluence page),latencyAvgLookupListWait,"[NOT documented on the Confluence zDOM Metrics page at all. Seen live in a sample perf bundle capture. Literal name decomposition only, NOT a confirmed meaning: ""latency avg lookup list wait""]",undocumented-live-metric,milliseconds (ms) for Avg/Stddev variants; microseconds (us) if the same metric has an explicit *Us sibling for Max,latency-family prefix without an explicit Us/Ms suffix,,,,,
zdom-io (NOT on Confluence page),latencyMaxBankFlush,"[NOT documented on the Confluence zDOM Metrics page at all. Seen live in a sample perf bundle capture. Literal name decomposition only, NOT a confirmed meaning: ""latency max bank flush""]",undocumented-live-metric,milliseconds (ms) for Avg/Stddev variants; microseconds (us) if the same metric has an explicit *Us sibling for Max,latency-family prefix without an explicit Us/Ms suffix,,,,,
zdom-io (NOT on Confluence page),latencyStddevBankFlush,"[NOT documented on the Confluence zDOM Metrics page at all. Seen live in a sample perf bundle capture. Literal name decomposition only, NOT a confirmed meaning: ""latency stddev bank flush""]",undocumented-live-metric,milliseconds (ms) for Avg/Stddev variants; microseconds (us) if the same metric has an explicit *Us sibling for Max,latency-family prefix without an explicit Us/Ms suffix,,,,,
zdom-io (NOT on Confluence page),localLogicallyUsedBytes,"[NOT documented on the Confluence zDOM Metrics page at all. Seen live in a sample perf bundle capture. Literal name decomposition only, NOT a confirmed meaning: ""local logically used bytes""]",undocumented-live-metric,bytes,name ends in 'Bytes',,,,,
zdom-io (NOT on Confluence page),logicallyUsedBytes,"[NOT documented on the Confluence zDOM Metrics page at all. Seen live in a sample perf bundle capture. Literal name decomposition only, NOT a confirmed meaning: ""logically used bytes""]",undocumented-live-metric,bytes,name ends in 'Bytes',,,,,
zdom-io (NOT on Confluence page),nonInlineLookupLatency,"[NOT documented on the Confluence zDOM Metrics page at all. Seen live in a sample perf bundle capture. Literal name decomposition only, NOT a confirmed meaning: ""non inline lookup latency""]",undocumented-live-metric,unknown (no naming convention matched),no rule matched,,,,,
zdom-io (NOT on Confluence page),oioBankFSW,"[NOT documented on the Confluence zDOM Metrics page at all. Seen live in a sample perf bundle capture. Literal name decomposition only, NOT a confirmed meaning: ""oio bank fsw""]",undocumented-live-metric,"count (outstanding I/Os, dimensionless)",name starts with 'oio',,,,,
zdom-io (NOT on Confluence page),oioBankFlusher,"[NOT documented on the Confluence zDOM Metrics page at all. Seen live in a sample perf bundle capture. Literal name decomposition only, NOT a confirmed meaning: ""oio bank flusher""]",undocumented-live-metric,"count (outstanding I/Os, dimensionless)",name starts with 'oio',,,,,
zdom-io (NOT on Confluence page),oioBankWriter,"[NOT documented on the Confluence zDOM Metrics page at all. Seen live in a sample perf bundle capture. Literal name decomposition only, NOT a confirmed meaning: ""oio bank writer""]",undocumented-live-metric,"count (outstanding I/Os, dimensionless)",name starts with 'oio',,,,,
zdom-io (NOT on Confluence page),oioDLog,"[NOT documented on the Confluence zDOM Metrics page at all. Seen live in a sample perf bundle capture. Literal name decomposition only, NOT a confirmed meaning: ""oiod log""]",undocumented-live-metric,"count (outstanding I/Os, dimensionless)",name starts with 'oio',,,,,
zdom-io (NOT on Confluence page),oioLookupDOM,"[NOT documented on the Confluence zDOM Metrics page at all. Seen live in a sample perf bundle capture. Literal name decomposition only, NOT a confirmed meaning: ""oio lookup dom""]",undocumented-live-metric,"count (outstanding I/Os, dimensionless)",name starts with 'oio',,,,,
zdom-io (NOT on Confluence page),oioLookupRangemap,"[NOT documented on the Confluence zDOM Metrics page at all. Seen live in a sample perf bundle capture. Literal name decomposition only, NOT a confirmed meaning: ""oio lookup rangemap""]",undocumented-live-metric,"count (outstanding I/Os, dimensionless)",name starts with 'oio',,,,,
zdom-io (NOT on Confluence page),oioLookupThreadPool,"[NOT documented on the Confluence zDOM Metrics page at all. Seen live in a sample perf bundle capture. Literal name decomposition only, NOT a confirmed meaning: ""oio lookup thread pool""]",undocumented-live-metric,"count (outstanding I/Os, dimensionless)",name starts with 'oio',,,,,
zdom-io (NOT on Confluence page),oioLookupZDOM,"[NOT documented on the Confluence zDOM Metrics page at all. Seen live in a sample perf bundle capture. Literal name decomposition only, NOT a confirmed meaning: ""oio lookup zdom""]",undocumented-live-metric,"count (outstanding I/Os, dimensionless)",name starts with 'oio',,,,,
zdom-io (NOT on Confluence page),tputBankOverlap,"[NOT documented on the Confluence zDOM Metrics page at all. Seen live in a sample perf bundle capture. Literal name decomposition only, NOT a confirmed meaning: ""tput bank overlap""]",undocumented-live-metric,bytes/sec (likely KB/s per vSAN perfsvc convention),name starts with 'tput'/'throughput',,,,,
zdom-llp (NOT on Confluence page),vatTotalVaddrNum,"[NOT documented on the Confluence zDOM Metrics page at all. Seen live in a sample perf bundle capture. Literal name decomposition only, NOT a confirmed meaning: ""vat total vaddr num""]",undocumented-live-metric,unknown (no naming convention matched),no rule matched,,,,,
zdom-seg-check (NOT on Confluence page),buildAndSortLegTimeSumUSec,"[NOT documented on the Confluence zDOM Metrics page at all. Seen live in a sample perf bundle capture. Literal name decomposition only, NOT a confirmed meaning: ""build and sort leg time sumu sec""]",undocumented-live-metric,microseconds (us),name contains 'USec',,,,,
zdom-seg-check (NOT on Confluence page),latencyLbaLookupTime,"[NOT documented on the Confluence zDOM Metrics page at all. Seen live in a sample perf bundle capture. Literal name decomposition only, NOT a confirmed meaning: ""latency lba lookup time""]",undocumented-live-metric,unknown (no naming convention matched),no rule matched,,,,,
zdom-seg-check (NOT on Confluence page),latencyMbaLookupTime,"[NOT documented on the Confluence zDOM Metrics page at all. Seen live in a sample perf bundle capture. Literal name decomposition only, NOT a confirmed meaning: ""latency mba lookup time""]",undocumented-live-metric,unknown (no naming convention matched),no rule matched,,,,,
zdom-seg-check (NOT on Confluence page),lbaLookupTimeSumUSec,"[NOT documented on the Confluence zDOM Metrics page at all. Seen live in a sample perf bundle capture. Literal name decomposition only, NOT a confirmed meaning: ""lba lookup time sumu sec""]",undocumented-live-metric,microseconds (us),name contains 'USec',,,,,
zdom-seg-check (NOT on Confluence page),mbaLookupTimeSumUSec,"[NOT documented on the Confluence zDOM Metrics page at all. Seen live in a sample perf bundle capture. Literal name decomposition only, NOT a confirmed meaning: ""mba lookup time sumu sec""]",undocumented-live-metric,microseconds (us),name contains 'USec',,,,,
zdom-seg-check (NOT on Confluence page),numEntriesChecked,"[NOT documented on the Confluence zDOM Metrics page at all. Seen live in a sample perf bundle capture. Literal name decomposition only, NOT a confirmed meaning: ""num entries checked""]",undocumented-live-metric,count (dimensionless),name starts with 'num'/'count' or ends in 'Count',,,,,
zdom-seg-check (NOT on Confluence page),numEntriesSkipped,"[NOT documented on the Confluence zDOM Metrics page at all. Seen live in a sample perf bundle capture. Literal name decomposition only, NOT a confirmed meaning: ""num entries skipped""]",undocumented-live-metric,count (dimensionless),name starts with 'num'/'count' or ends in 'Count',,,,,
zdom-seg-check (NOT on Confluence page),numLbaLookups,"[NOT documented on the Confluence zDOM Metrics page at all. Seen live in a sample perf bundle capture. Literal name decomposition only, NOT a confirmed meaning: ""num lba lookups""]",undocumented-live-metric,count (dimensionless),name starts with 'num'/'count' or ends in 'Count',,,,,
zdom-seg-check (NOT on Confluence page),numMbaLookups,"[NOT documented on the Confluence zDOM Metrics page at all. Seen live in a sample perf bundle capture. Literal name decomposition only, NOT a confirmed meaning: ""num mba lookups""]",undocumented-live-metric,count (dimensionless),name starts with 'num'/'count' or ends in 'Count',,,,,
zdom-seg-check (NOT on Confluence page),numSegCheckerItrsTotal,"[NOT documented on the Confluence zDOM Metrics page at all. Seen live in a sample perf bundle capture. Literal name decomposition only, NOT a confirmed meaning: ""num seg checker itrs total""]",undocumented-live-metric,count (dimensionless),name starts with 'num'/'count' or ends in 'Count',,,,,
zdom-seg-check (NOT on Confluence page),numSegCheckerItrsWithSegChecked,"[NOT documented on the Confluence zDOM Metrics page at all. Seen live in a sample perf bundle capture. Literal name decomposition only, NOT a confirmed meaning: ""num seg checker itrs with seg checked""]",undocumented-live-metric,count (dimensionless),name starts with 'num'/'count' or ends in 'Count',,,,,
zdom-seg-check (NOT on Confluence page),numSegsChecked,"[NOT documented on the Confluence zDOM Metrics page at all. Seen live in a sample perf bundle capture. Literal name decomposition only, NOT a confirmed meaning: ""num segs checked""]",undocumented-live-metric,count (dimensionless),name starts with 'num'/'count' or ends in 'Count',,,,,
zdom-seg-check (NOT on Confluence page),numSegsNeedUnmap,"[NOT documented on the Confluence zDOM Metrics page at all. Seen live in a sample perf bundle capture. Literal name decomposition only, NOT a confirmed meaning: ""num segs need unmap""]",undocumented-live-metric,count (dimensionless),name starts with 'num'/'count' or ends in 'Count',,,,,
zdom-seg-check (NOT on Confluence page),numSegsRecycle,"[NOT documented on the Confluence zDOM Metrics page at all. Seen live in a sample perf bundle capture. Literal name decomposition only, NOT a confirmed meaning: ""num segs recycle""]",undocumented-live-metric,count (dimensionless),name starts with 'num'/'count' or ends in 'Count',,,,,
zdom-seg-check (NOT on Confluence page),numSegsSkipped,"[NOT documented on the Confluence zDOM Metrics page at all. Seen live in a sample perf bundle capture. Literal name decomposition only, NOT a confirmed meaning: ""num segs skipped""]",undocumented-live-metric,count (dimensionless),name starts with 'num'/'count' or ends in 'Count',,,,,
zdom-seg-check (NOT on Confluence page),numSummaryReads,"[NOT documented on the Confluence zDOM Metrics page at all. Seen live in a sample perf bundle capture. Literal name decomposition only, NOT a confirmed meaning: ""num summary reads""]",undocumented-live-metric,count (dimensionless),name starts with 'num'/'count' or ends in 'Count',,,,,
zdom-seg-check (NOT on Confluence page),readTimeSumUSec,"[NOT documented on the Confluence zDOM Metrics page at all. Seen live in a sample perf bundle capture. Literal name decomposition only, NOT a confirmed meaning: ""read time sumu sec""]",undocumented-live-metric,microseconds (us),name contains 'USec',,,,,
zdom-seg-check (NOT on Confluence page),scanSegsTimeSumUSec,"[NOT documented on the Confluence zDOM Metrics page at all. Seen live in a sample perf bundle capture. Literal name decomposition only, NOT a confirmed meaning: ""scan segs time sumu sec""]",undocumented-live-metric,microseconds (us),name contains 'USec',,,,,
zdom-seg-check (NOT on Confluence page),sleepTimeSumUSec,"[NOT documented on the Confluence zDOM Metrics page at all. Seen live in a sample perf bundle capture. Literal name decomposition only, NOT a confirmed meaning: ""sleep time sumu sec""]",undocumented-live-metric,microseconds (us),name contains 'USec',,,,,
zdom-seg-cleaning (NOT on Confluence page),avgGoodnessHigh,"[NOT documented on the Confluence zDOM Metrics page at all. Seen live in a sample perf bundle capture. Literal name decomposition only, NOT a confirmed meaning: ""avg goodness high""]",undocumented-live-metric,"score (dimensionless, 0-100 relative goodness)",name relates to segment-cleaning 'goodness' score,,,,,
zdom-seg-cleaning (NOT on Confluence page),avgGoodnessHighest,"[NOT documented on the Confluence zDOM Metrics page at all. Seen live in a sample perf bundle capture. Literal name decomposition only, NOT a confirmed meaning: ""avg goodness highest""]",undocumented-live-metric,"score (dimensionless, 0-100 relative goodness)",name relates to segment-cleaning 'goodness' score,,,,,
zdom-seg-cleaning (NOT on Confluence page),avgGoodnessLow,"[NOT documented on the Confluence zDOM Metrics page at all. Seen live in a sample perf bundle capture. Literal name decomposition only, NOT a confirmed meaning: ""avg goodness low""]",undocumented-live-metric,"score (dimensionless, 0-100 relative goodness)",name relates to segment-cleaning 'goodness' score,,,,,
zdom-seg-cleaning (NOT on Confluence page),avgGoodnessLowest,"[NOT documented on the Confluence zDOM Metrics page at all. Seen live in a sample perf bundle capture. Literal name decomposition only, NOT a confirmed meaning: ""avg goodness lowest""]",undocumented-live-metric,"score (dimensionless, 0-100 relative goodness)",name relates to segment-cleaning 'goodness' score,,,,,
zdom-seg-cleaning (NOT on Confluence page),avgGoodnessMid,"[NOT documented on the Confluence zDOM Metrics page at all. Seen live in a sample perf bundle capture. Literal name decomposition only, NOT a confirmed meaning: ""avg goodness mid""]",undocumented-live-metric,"score (dimensionless, 0-100 relative goodness)",name relates to segment-cleaning 'goodness' score,,,,,
zdom-seg-cleaning (NOT on Confluence page),bucketDataHigh,"[NOT documented on the Confluence zDOM Metrics page at all. Seen live in a sample perf bundle capture. Literal name decomposition only, NOT a confirmed meaning: ""bucket data high""]",undocumented-live-metric,"count (histogram bucket, dimensionless)",name starts with 'bucket',,,,,
zdom-seg-cleaning (NOT on Confluence page),bucketDataHighest,"[NOT documented on the Confluence zDOM Metrics page at all. Seen live in a sample perf bundle capture. Literal name decomposition only, NOT a confirmed meaning: ""bucket data highest""]",undocumented-live-metric,"count (histogram bucket, dimensionless)",name starts with 'bucket',,,,,
zdom-seg-cleaning (NOT on Confluence page),bucketDataLow,"[NOT documented on the Confluence zDOM Metrics page at all. Seen live in a sample perf bundle capture. Literal name decomposition only, NOT a confirmed meaning: ""bucket data low""]",undocumented-live-metric,"count (histogram bucket, dimensionless)",name starts with 'bucket',,,,,
zdom-seg-cleaning (NOT on Confluence page),bucketDataLowest,"[NOT documented on the Confluence zDOM Metrics page at all. Seen live in a sample perf bundle capture. Literal name decomposition only, NOT a confirmed meaning: ""bucket data lowest""]",undocumented-live-metric,"count (histogram bucket, dimensionless)",name starts with 'bucket',,,,,
zdom-seg-cleaning (NOT on Confluence page),bucketDataMid,"[NOT documented on the Confluence zDOM Metrics page at all. Seen live in a sample perf bundle capture. Literal name decomposition only, NOT a confirmed meaning: ""bucket data mid""]",undocumented-live-metric,"count (histogram bucket, dimensionless)",name starts with 'bucket',,,,,
zdom-seg-cleaning (NOT on Confluence page),bucketHigh,"[NOT documented on the Confluence zDOM Metrics page at all. Seen live in a sample perf bundle capture. Literal name decomposition only, NOT a confirmed meaning: ""bucket high""]",undocumented-live-metric,"count (histogram bucket, dimensionless)",name starts with 'bucket',,,,,
zdom-seg-cleaning (NOT on Confluence page),bucketHighest,"[NOT documented on the Confluence zDOM Metrics page at all. Seen live in a sample perf bundle capture. Literal name decomposition only, NOT a confirmed meaning: ""bucket highest""]",undocumented-live-metric,"count (histogram bucket, dimensionless)",name starts with 'bucket',,,,,
zdom-seg-cleaning (NOT on Confluence page),bucketLLPHigh,"[NOT documented on the Confluence zDOM Metrics page at all. Seen live in a sample perf bundle capture. Literal name decomposition only, NOT a confirmed meaning: ""bucket llp high""]",undocumented-live-metric,"count (histogram bucket, dimensionless)",name starts with 'bucket',,,,,
zdom-seg-cleaning (NOT on Confluence page),bucketLLPHighest,"[NOT documented on the Confluence zDOM Metrics page at all. Seen live in a sample perf bundle capture. Literal name decomposition only, NOT a confirmed meaning: ""bucket llp highest""]",undocumented-live-metric,"count (histogram bucket, dimensionless)",name starts with 'bucket',,,,,
zdom-seg-cleaning (NOT on Confluence page),bucketLLPLow,"[NOT documented on the Confluence zDOM Metrics page at all. Seen live in a sample perf bundle capture. Literal name decomposition only, NOT a confirmed meaning: ""bucket llp low""]",undocumented-live-metric,"count (histogram bucket, dimensionless)",name starts with 'bucket',,,,,
zdom-seg-cleaning (NOT on Confluence page),bucketLLPLowest,"[NOT documented on the Confluence zDOM Metrics page at all. Seen live in a sample perf bundle capture. Literal name decomposition only, NOT a confirmed meaning: ""bucket llp lowest""]",undocumented-live-metric,"count (histogram bucket, dimensionless)",name starts with 'bucket',,,,,
zdom-seg-cleaning (NOT on Confluence page),bucketLLPMid,"[NOT documented on the Confluence zDOM Metrics page at all. Seen live in a sample perf bundle capture. Literal name decomposition only, NOT a confirmed meaning: ""bucket llp mid""]",undocumented-live-metric,"count (histogram bucket, dimensionless)",name starts with 'bucket',,,,,
zdom-seg-cleaning (NOT on Confluence page),bucketLow,"[NOT documented on the Confluence zDOM Metrics page at all. Seen live in a sample perf bundle capture. Literal name decomposition only, NOT a confirmed meaning: ""bucket low""]",undocumented-live-metric,"count (histogram bucket, dimensionless)",name starts with 'bucket',,,,,
zdom-seg-cleaning (NOT on Confluence page),bucketLowest,"[NOT documented on the Confluence zDOM Metrics page at all. Seen live in a sample perf bundle capture. Literal name decomposition only, NOT a confirmed meaning: ""bucket lowest""]",undocumented-live-metric,"count (histogram bucket, dimensionless)",name starts with 'bucket',,,,,
zdom-seg-cleaning (NOT on Confluence page),bucketMid,"[NOT documented on the Confluence zDOM Metrics page at all. Seen live in a sample perf bundle capture. Literal name decomposition only, NOT a confirmed meaning: ""bucket mid""]",undocumented-live-metric,"count (histogram bucket, dimensionless)",name starts with 'bucket',,,,,
zdom-seg-cleaning (NOT on Confluence page),latAvgUnmapDispatchTime,"[NOT documented on the Confluence zDOM Metrics page at all. Seen live in a sample perf bundle capture. Literal name decomposition only, NOT a confirmed meaning: ""lat avg unmap dispatch time""]",undocumented-live-metric,milliseconds (ms) for Avg/Stddev variants; microseconds (us) if the same metric has an explicit *Us sibling for Max,latency-family prefix without an explicit Us/Ms suffix,,,,,
zdom-seg-cleaning (NOT on Confluence page),numFree,"[NOT documented on the Confluence zDOM Metrics page at all. Seen live in a sample perf bundle capture. Literal name decomposition only, NOT a confirmed meaning: ""num free""]",undocumented-live-metric,count (dimensionless),name starts with 'num'/'count' or ends in 'Count',,,,,
zdom-vtx (NOT on Confluence page),missesPerIO,"[NOT documented on the Confluence zDOM Metrics page at all. Seen live in a sample perf bundle capture. Literal name decomposition only, NOT a confirmed meaning: ""misses per io""]",undocumented-live-metric,count/sec (rate) or ratio if a 'Per' metric,cache miss/ref counters are rate-based,,,,,
zdom-vtx (NOT on Confluence page),rateTotDirtyCachePage,"[NOT documented on the Confluence zDOM Metrics page at all. Seen live in a sample perf bundle capture. Literal name decomposition only, NOT a confirmed meaning: ""rate tot dirty cache page""]",undocumented-live-metric,count/sec (rate),name starts with 'rate',,,,,
zdom-vtx (NOT on Confluence page),rateTotalBitmapCacheMiss,"[NOT documented on the Confluence zDOM Metrics page at all. Seen live in a sample perf bundle capture. Literal name decomposition only, NOT a confirmed meaning: ""rate total bitmap cache miss""]",undocumented-live-metric,count/sec (rate),name starts with 'rate',,,,,
zdom-vtx (NOT on Confluence page),rateTotalLogicalTreeCacheMiss,"[NOT documented on the Confluence zDOM Metrics page at all. Seen live in a sample perf bundle capture. Literal name decomposition only, NOT a confirmed meaning: ""rate total logical tree cache miss""]",undocumented-live-metric,count/sec (rate),name starts with 'rate',,,,,
zdom-vtx (NOT on Confluence page),rateTotalMiddleTreeCacheMiss,"[NOT documented on the Confluence zDOM Metrics page at all. Seen live in a sample perf bundle capture. Literal name decomposition only, NOT a confirmed meaning: ""rate total middle tree cache miss""]",undocumented-live-metric,count/sec (rate),name starts with 'rate',,,,,
zdom-vtx (NOT on Confluence page),rateTotalSnapTreeCacheMiss,"[NOT documented on the Confluence zDOM Metrics page at all. Seen live in a sample perf bundle capture. Literal name decomposition only, NOT a confirmed meaning: ""rate total snap tree cache miss""]",undocumented-live-metric,count/sec (rate),name starts with 'rate',,,,,
zdom-vtx (NOT on Confluence page),rateTotalSutCacheMiss,"[NOT documented on the Confluence zDOM Metrics page at all. Seen live in a sample perf bundle capture. Literal name decomposition only, NOT a confirmed meaning: ""rate total sut cache miss""]",undocumented-live-metric,count/sec (rate),name starts with 'rate',,,,,